huc8,water_year,AgEra-5_precipitation_mm,prism_precipitation_mm,rdpa_precipitation_mm,nclimgrid_precipitation_mm,gridmet_precipitation_mm,chirps_precipitation_mm,ensemble_et_mm,disalexi_et_mm,eemetric_et_mm,ptjpl_et_mm,ssebop_et_mm,geesebal_et_mm,q_mm,wbet_AgEra-5_mm,wbet_prism_mm,wbet_rdpa_mm,wbet_nclimgrid_mm,wbet_gridmet_mm,wbet_chirps_mm
18090202,2007.0,116.18830051793282,105.53489233029634,94.25760567667476,85.04094356552775,99.48796260238538,82.2155021679857,154.3020863403068,191.94757782377334,130.36898244401075,145.31229470026554,127.25420150958526,351.8574763828727,0.6315358307245593,115.55676468720827,104.9033564995718,93.62606984595018,84.40940773480321,98.85642677166081,81.58396633726113
18090202,2008.0,94.28270493000038,72.94993375081545,66.96283418441442,54.94778072341388,66.16364363419721,65.23745245039186,176.92009728871415,192.82265087430335,143.11319492882672,191.17598716906073,144.97568557620198,378.124781772352,0.15742311717418966,94.12528181282619,72.79251063364126,66.80541106724023,54.79035760623969,66.00622051702302,65.08002933321767
18090202,2009.0,121.73572023080173,104.87320465540587,90.88327863627232,89.8991539173618,102.73079547061292,92.15860510630651,151.977779975878,169.82561459053846,132.4614646072145,177.62459699089214,136.43713324668244,247.03103521050727,0.15783336917436186,121.57788686162738,104.71537128623152,90.72544526709797,89.74132054818743,102.57296210143856,92.00077173713215
18090202,2010.0,151.33396941477332,128.91005182750598,124.25037120533065,137.2313631826047,112.0009093062961,116.55291318160111,180.45042614208145,199.00481222473184,131.1566278954544,212.58558379173726,141.59841595499827,337.9068649968359,0.20135611684128008,151.13261329793207,128.7086957106647,124.04901508848937,137.03000706576344,111.79955318945481,116.35155706475985
18090202,2011.0,205.9636314760109,167.66986403108635,152.1618214013002,165.5146223140765,172.85833393086767,115.9627837760802,195.95104989378592,227.06082898218713,145.3081549681041,237.75085879047487,141.8038602538061,374.4524322416797,0.6073004710116835,205.35633100499922,167.06256356007466,151.55452093028853,164.9073218430648,172.251033459856,115.35548330506852
18090202,2012.0,93.18621631338135,90.24022599985692,69.95375984205366,64.5303144502307,99.77750794530006,85.18760043435775,139.95303100167234,193.23293289612897,100.53098860220857,149.77389952890297,116.2584065797111,325.133230106983,0.12264317226769818,93.06357314111365,90.11758282758922,69.83111666978596,64.407671277963,99.65486477303236,85.06495726209006
18090202,2013.0,115.0020246911906,101.34179324489389,79.12269391002565,102.9785559365309,114.2950211172915,95.34080206597618,155.410215867396,199.51151482502362,152.9348416983538,144.9344120641309,123.69715394351674,314.13010975536486,0.10880271120783432,114.89322197998277,101.23299053368606,79.0138911988178,102.86975322532307,114.18621840608365,95.23199935476835
18090202,2014.0,106.75225826540395,92.28421359790448,106.76174202091418,109.83096118921583,97.02195524128994,107.60356725666006,180.53251856084717,220.7343218028354,142.38065282753786,192.80139817573044,122.65595852739139,363.8813018949727,0.21550981084722137,106.53674845455672,92.06870378705727,106.54623221006696,109.6154513783686,96.80644543044272,107.38805744581283
18090202,2015.0,91.58713588272421,99.36393122814744,114.04384560754704,126.76685272631273,96.09232571805008,104.57323450114139,163.09083959004246,222.01066469835067,135.5012554390003,192.64690597561633,78.37917937703905,371.00649500876347,0.20295277327438274,91.38418310944982,99.16097845487305,113.84089283427265,126.56389995303836,95.88937294477569,104.370281727867
18090202,2016.0,198.61255698031889,158.391325505986,206.33471108681104,151.01066563736504,151.63884849555353,128.2447833301827,210.93854872168927,256.05173940965085,166.54863046792713,256.23923531382314,104.10997679729348,463.60017275602837,0.76531124645639,197.84724573386248,157.62601425952963,205.56939984035463,150.24535439090863,150.87353724909713,127.47947208372634
18090202,2017.0,186.4410280594032,146.89097010208985,158.59659376818863,163.17780297323057,153.25753423727548,129.59190406953053,180.81753146618894,242.3262369306753,145.8833740140502,240.02532111032357,89.54501486866873,376.2834085862818,0.3923228789754963,186.04870518042773,146.49864722311435,158.20427088921312,162.78548009425506,152.86521135829997,129.19958119055502
18090202,2018.0,79.16103196237452,81.629925313478,70.88832817779355,65.73919286946011,75.70341459426601,76.45822295071068,147.38707513826276,223.80227663997496,94.97079506796359,178.7906822844406,64.94362802179552,404.42894123049933,0.16787622725965864,78.99315573511487,81.46204908621834,70.7204519505339,65.57131664220046,75.53553836700635,76.29034672345102
18090202,2019.0,194.38363027781554,185.04460495263774,177.92831554224955,195.43989225512553,183.71414499408314,129.2119857605854,184.30855170280452,234.80556860443852,108.86398591521274,252.29598479154777,85.063994925397,409.6688266330254,0.15481469060552713,194.22881558721,184.88979026203222,177.77350085164403,195.28507756452,183.5593303034776,129.05717106997986
18090202,2020.0,156.28337475915154,127.73831236128827,131.0651829308576,137.97013980790823,122.90341620558738,96.52666983033122,181.1583202974593,257.169903716345,125.3708845747203,220.56683958220012,94.54009611109146,394.4239125947667,0.3497037944981466,155.9336709646534,127.38860856679013,130.71547913635942,137.62043601341009,122.55371241108922,96.17696603583308
18090202,2021.0,65.44156134184624,54.41803005504079,42.59012981982879,66.35242446854426,48.636081802791615,69.04164068975665,139.48408488196546,211.0512646062336,105.75599091688855,162.271445563097,66.67585098270706,311.9779843024032,0.13033539727092713,65.31122594457531,54.287694657769855,42.45979442255786,66.22208907127333,48.50574640552069,68.91130529248572
18090202,2022.0,139.5129843358703,108.85710303556785,81.37812788098475,87.19988098102573,104.77518508140093,92.53313169499674,166.67270906622772,233.61514506927355,130.12265770731213,185.28358169099212,70.06217073549595,402.0786783648987,0.19744486297477337,139.31553947289555,108.65965817259307,81.18068301800997,87.00243611805095,104.57774021842616,92.33568683202198
18090202,2023.0,312.4779070643621,232.34619698689198,257.549371639547,181.45990801929136,210.9092799311391,119.94390096685134,200.3001254152083,275.2783196504946,125.29268533141722,249.2657633235539,94.70060163568476,386.7810454618703,0.5004353689127706,311.97747169544937,231.84576161797924,257.0489362706343,180.9594726503786,210.40884456222634,119.44346559793858
18040014,2023.0,528.9156016813264,548.0026259945357,409.4998102762057,525.0961645913154,573.1342523837488,458.04623102634395,433.23953767950957,392.60564371753486,248.49185334285434,686.6474484715816,475.6552908187434,311.31776941932833,18.57669801672211,510.33890366460423,529.4259279778137,390.9231122594836,506.51946657459325,554.5575543670268,439.4695330096218
18040006,2004.0,662.7695878930048,660.998882102615,588.6040503409107,581.5352009023331,751.2506385136529,573.1605716868139,630.9404629781428,685.2386104849782,538.5116294956467,702.0307167351125,754.3871131887147,742.9994818259373,33.86849070392606,628.9010971890788,627.130391398689,554.7355596369847,547.6667101984071,717.3821478097269,539.2920809828879
18040006,2005.0,1255.5687308274755,1399.9059729111693,1422.0097730992702,1251.0150712373618,1394.3911588541162,1062.0212369918218,607.6329252354308,777.1379625315612,546.910229182663,707.2948143642677,718.4958891653772,705.7216747132179,207.432962825765,1048.1357680017106,1192.4730100854042,1214.5768102735053,1043.582108411597,1186.958196028351,854.5882741660566
18040006,2006.0,1236.64079314632,1359.2795215615602,1412.6446436417152,1190.1463239152731,1386.8440065249629,1012.608029916542,619.0035614815899,736.07793682366,554.3779453830501,735.5957149628048,727.3640987198888,646.5981988385324,398.17942401188293,838.4613691344371,961.1000975496772,1014.4652196298323,791.9668999033902,988.6645825130798,614.4286059046591
18040006,2007.0,538.9655430024685,483.4839662760466,597.5590525679162,459.75643927184365,568.8993258287214,500.692768863319,630.1698430521886,687.2355857604975,551.7493651818088,691.2816041272043,706.8403611278859,664.6664573288448,44.01699081508664,494.9485521873819,439.46697546096,553.5420617528296,415.73944845675703,524.8823350136348,456.6757780482323
18040006,2008.0,741.4151219922552,748.6256899149806,805.0834354443653,588.5000334124749,819.3348997378201,555.9916388001857,616.8180931128868,696.3265280961231,517.915654530174,706.8397568345026,736.1366821145433,673.0301027923232,41.127934834400975,700.2871871578542,707.4977550805796,763.9555006099642,547.3720985780739,778.2069649034191,514.8637039657848
18040006,2009.0,873.098005885926,917.2175806987125,815.3954935933358,689.0453232853502,940.5240107546565,647.9767983042871,615.5019789272498,684.0505881387263,552.418987541863,703.6812197850445,732.1190450761875,676.6143816401557,30.700449249157295,842.3975566367687,886.5171314495552,784.6950443441785,658.3448740361928,909.8235615054991,617.2763490551297
18040006,2010.0,976.3482848552542,1151.1681902435735,1113.5486309883697,888.9756491847352,1170.9113268397348,837.0579563243808,601.4401590263035,750.5346833077608,517.4008393677549,704.9192451516553,706.6138300754607,735.1822416070122,114.09162840092218,862.256656454332,1037.0765618426512,999.4570025874476,774.8840207838131,1056.8196984388126,722.9663279234587
18040006,2011.0,1371.6657440253812,1603.046657883347,1275.8620154904609,1296.2834551005121,1536.1302067916492,1190.2826310422397,617.7325391953449,768.8417099649332,584.0256118687282,693.4625101745437,717.6885719995347,747.0225254792641,409.33982288286353,962.3259211425176,1193.7068350004836,866.5221926075973,886.9436322176485,1126.7903839087855,780.9428081593762
18040006,2012.0,598.8824800749246,592.9866391449178,536.0873000014061,471.74249214315466,568.8061576901445,539.4401616681286,620.6094729616373,657.1643600771994,538.4613292751683,652.3616166580567,724.3035674646594,642.7832701211987,74.52255372377391,524.3599263511506,518.4640854211439,461.56474627763225,397.21993841938075,494.2836039663705,464.91760794435464
18040006,2013.0,646.2637422374372,622.4202093692545,586.5852387836026,496.8590547561673,635.4132701112924,530.2748751397637,632.464626105787,656.0489971093346,614.4846443031986,718.6183434991926,740.8248786642514,658.9035231010226,88.89549338547202,557.3682488519652,533.5247159837825,497.68974539813064,407.9635613706953,546.5177767258205,441.3793817542916
18040006,2014.0,521.4001503875444,470.50892892205883,389.66552291896403,366.8994516668892,462.25458389560305,431.74226290027593,634.7570298237183,640.3251148883598,559.5813721625302,680.2732622615847,750.2186014840127,700.9597442649272,136.73498868688517,384.6651617006592,333.77394023517365,252.93053423207886,230.16446298000403,325.51959520871793,295.00727421339076
18040006,2015.0,550.2302343207518,433.9960262033048,413.78711381789503,380.9316311970312,453.394896535202,469.9192618291013,693.412465882081,644.6265280882507,636.6187776437343,719.2656100903237,687.6839378711568,758.5859272086777,68.22405315495998,482.0061811657918,365.7719730483448,345.5630606629351,312.70757804207125,385.1708433802421,401.6952086741413
18040006,2016.0,826.6306453340806,924.2551157909926,745.163088710535,792.9900269904005,939.2881495235828,766.5385640096067,737.7164502694286,728.5532635693227,591.5718288785228,769.1743752790342,679.8883668160112,834.6533889149699,67.59126337510789,759.0393819589726,856.6638524158848,677.5718253354271,725.3987636152925,871.6968861484748,698.9473006344989
18040006,2017.0,1671.826486141401,1855.6300441348392,1489.6253498055232,1318.8026949126552,1933.5047085108279,1305.727460611087,724.7265434354038,752.6174022092576,580.9493592868866,767.7708726076705,666.629515606283,752.2277535277773,638.7568410663762,1033.0696450750247,1216.873203068463,850.8685087391472,680.0458538462791,1294.7478674444517,666.9706195447109
18040006,2018.0,787.2762955583112,733.4618573313232,622.4334750267561,628.5732803139592,748.3639550183821,620.2895215817646,688.9002418694192,688.1669008289127,561.1082355571016,749.8698074177498,679.2750444374052,711.0820800250904,83.97232203393548,703.3039735243757,649.4895352973878,538.4611529928206,544.6009582800237,664.3916329844467,536.3171995478291
18040006,2019.0,1327.19962898379,1301.2329533691359,1024.1543091154758,1047.3160997028249,1315.202388222784,874.1097238335279,734.4539360218272,735.2668830151041,607.683598692794,765.0516326778794,679.9618949785514,788.9543800358902,216.20106125648306,1110.998567727307,1085.031892112653,807.9532478589928,831.1150384463418,1099.0013269663011,657.9086625770449
18040006,2020.0,614.1022538104736,580.6175637425388,461.51743517532475,506.4119944889068,577.9259167759042,603.2220655524412,701.5054751848709,678.913165604533,526.2183870006351,753.1638453659571,670.6637055474109,803.2119225786857,83.91813890467141,530.1841149058022,496.6994248378673,377.5992962706534,422.49385558423535,494.00777787123275,519.3039266477698
18040006,2021.0,508.4826595097794,451.57693542462937,412.857365604704,378.1543608439204,470.50252052313635,491.9349912135045,514.5436228012646,431.9109747580137,417.7280436750718,589.9067302392793,507.7631123898432,594.0012546990584,69.9607953727541,438.5218641370253,381.6161400518752,342.89657023194985,308.1935654711663,400.5417251503822,421.9741958407504
18040006,2022.0,701.134257564115,702.7880519120088,610.9786586749755,622.2559781305521,708.5251940748398,543.3887307515035,587.5284794459106,474.3882104833518,455.83084636397484,657.0959016126808,594.642358863229,666.2913606408525,138.75031288737424,562.3839446767407,564.0377390246344,472.2283457876012,483.5056652431778,569.7748811874656,404.6384178641293
18040006,2023.0,1769.6445163838662,1770.773636838512,1477.8751697246312,1472.6163197583683,1730.669806174905,1266.3549036783456,636.0400078632119,574.1632900469453,457.8290425933908,725.1281851724357,588.9635721719264,725.7367096889947,697.6919460501605,1071.9525703337056,1073.0816907883514,780.1832236744707,774.9243737082078,1032.9778601247444,568.662957628185
18020162,2004.0,642.104037318141,869.2255051003091,693.7877973615332,875.991828186597,833.2328204070186,844.327080473571,723.4614543600375,690.9461432902887,552.4022661664544,910.619913431852,821.587724368671,562.9073667791868,351.7625050992545,290.3415322188864,517.4630000010545,342.02529226227875,524.2293230873426,481.47031530776417,492.5645753743166
18020162,2005.0,813.8032815605217,1080.1299094227413,1029.303508903755,1068.6137302407828,1028.054288067223,972.0019601403504,769.6497784649836,762.2420375179036,601.2085471453457,982.2079083455552,772.938872496177,659.5803309155864,199.27427860538313,614.5290029551385,880.8556308173584,830.0292302983721,869.3394516353997,828.7800094618401,772.7276815349674
18020162,2006.0,942.3478788354184,1269.7166007960857,1261.118261525516,1280.3698953341195,1245.5746417028704,1213.9743886553513,700.9954710581355,693.4692767979598,546.5075396257934,893.8970455491292,763.8085382242634,547.9686147983349,583.8492364071385,358.49864242828,685.8673643889472,677.2690251183775,696.520658926981,661.7254052957319,630.1251522482128
18020162,2007.0,356.1612104012461,489.60696698320834,486.1345212388553,480.202221583443,470.1058499719083,543.9522305155431,703.5665968730925,649.6957366920518,541.9239417694378,887.2082465823521,800.5514733844082,535.2806418217808,174.14839569734272,182.01281470390336,315.4585712858656,311.9861255415126,306.0538258861003,295.9574542745655,369.80383481820036
18020162,2008.0,510.15065254091365,667.127879293857,704.3407217901452,682.2423094853909,638.5841385858827,688.573913601434,698.1131422900319,645.266666794508,528.4857459909099,873.7242413806107,811.3746804613874,527.5045902832417,177.8252027417476,332.32544979916605,489.30267655210935,526.5155190483976,504.41710674364344,460.75893584413507,510.7487108596864
18020162,2009.0,472.579594786722,666.8267507881569,532.6495090926632,664.6602894073203,614.0127703891353,677.1447216591954,697.3675232527639,606.8419502652093,542.8653698894764,886.6612560673531,793.9814994326401,558.1226496116477,173.28395258817912,299.29564219854285,493.5427981999778,359.365556504484,491.37633681914116,440.7288178009563,503.8607690710163
18020162,2010.0,743.6260501590464,944.9087450803332,1002.52126700793,966.2231840481763,897.6125333842559,922.047053906879,733.2324371056395,698.5184712927518,610.2493372956233,894.0276032619487,766.2509283946063,589.1396368074062,149.16603315852046,594.4600170005259,795.7427119218128,853.3552338494096,817.0571508896558,748.4465002257355,772.8810207483585
18020162,2011.0,771.7160795785652,1103.0397522478465,990.4979333696667,1042.2529361038112,1046.7915506329136,987.8089607975401,716.5630357568657,693.4121612194974,540.1960424867418,954.4327209351687,716.7465532894098,594.2261940969712,147.5748918418371,624.1411877367282,955.4648604060093,842.9230415278296,894.678044261974,899.2166587910766,840.2340689557032
18020162,2012.0,442.38280653018,630.7143799853659,561.6078726002177,612.3042693075097,595.9509711516798,646.4212380974583,732.084069654032,662.7883055879332,546.1199730859495,946.3116678767664,833.0896660514717,576.2429791157965,168.37985868426347,274.00294784591654,462.3345213011024,393.2280139159542,443.92441062324616,427.57111246741636,478.04137941319476
18020162,2013.0,519.4201124909621,711.2661456819238,708.5508491961803,743.424603366314,708.446009889844,723.1157054187879,737.698060025869,666.4192719281771,550.0959192388489,923.8132222664675,871.2735285241151,590.1140010075206,190.6643559325024,328.7557565584597,520.6017897494214,517.8864932636778,552.7602474338116,517.7816539573416,532.4513494862855
18020162,2014.0,346.3655869579872,450.3265576659487,433.00611472258703,443.28882245449125,443.97697278431815,509.94208988728946,725.2592739140051,612.0009534849261,544.6220623106191,880.2896968628075,905.7798941319722,618.4815026916331,175.38911051896343,170.97647643902374,274.9374471469853,257.6170042036236,267.8997119355278,268.5878622653547,334.552979368326
18020162,2015.0,501.57130216459615,653.9040267950534,689.066649506247,656.0144604018515,659.4627433487226,700.7447888915758,732.8561915057364,599.0495714535341,599.5306292881752,950.3527614409171,851.6018507717068,565.3765905782288,167.45130788502655,334.1199942795696,486.45271891002676,521.6153416212204,488.5631525168249,492.01143546369605,533.2934810065493
18020162,2016.0,645.8743199370653,817.2347007250045,840.7176900049994,815.7032663098094,785.0602706635419,807.0094544611262,652.9611452811364,568.086519641162,470.7535274163667,903.8729376795332,733.6156099624934,537.8354286354396,150.73089609774135,495.1434238393238,666.5038046272631,689.9867939072581,664.972370212068,634.3293745658005,656.2785583633848
18020162,2017.0,1022.489649339061,1499.428511748496,1504.2932069215437,1505.379482661166,1432.5183846005748,1299.782147802673,684.5362381633255,694.8781538730246,423.4464737682555,906.719445924633,760.1086692488875,505.41736039830687,317.77127946486587,704.7183698741952,1181.6572322836303,1186.521927456678,1187.6082031963003,1114.747105135709,982.0108683378073
18020162,2018.0,369.33846108869477,558.9119960334788,555.0900012329192,576.6508264812169,535.1820550537961,574.8161731813477,683.0297241220079,627.106524968041,493.4492621312752,901.2213222509297,785.9994268360081,512.9903151674523,143.42016485566978,225.91829623302496,415.49183117780893,411.6698363772494,433.2306616255471,391.76189019812637,431.39600832567794
18020162,2019.0,959.4911061574669,1245.4533069609806,1165.9626902183384,1194.8047669112818,1179.5232322391262,1072.358873155662,705.5104218020646,654.7822400063011,512.8054101134402,900.6747258959319,780.8453726949413,586.7725443703806,313.0857870086325,646.4053191488345,932.3675199523481,852.8769032097059,881.7189799026494,866.4374452304936,759.2730861470294
18020162,2020.0,346.34749174240636,451.96300591370266,434.5960162432381,490.9260400160395,436.11146630138006,482.7078333307545,694.5207556830358,571.1596984303412,516.1782539326358,896.3467543206158,806.0130140404237,569.5436606273477,171.77309027077666,174.5744014716297,280.189915642926,262.82292597246146,319.15294974526284,264.3383760306034,310.93474305997785
18020162,2021.0,210.23945256761442,314.85307367261424,273.8193252221231,353.2110797156414,302.0342590618421,345.2788845367072,477.33642841697974,352.7827992237637,308.21858788239547,661.8249528484546,638.6221945768738,380.31958878999035,185.83332169339997,24.40613087421443,129.01975197921428,87.98600352872313,167.3777580222414,116.2009373684421,159.44556284330724
18020162,2022.0,468.96774639774463,677.8478696748716,595.586598132442,663.4206219322489,669.1407952578342,505.38385450915683,591.3286088832629,472.8356331821255,395.9123841957813,775.9127682367892,735.7818174854382,459.30660283140935,160.4268954479444,308.54085094980024,517.4209742269272,435.1597026844976,502.9937264843045,508.7138998098898,344.95695906121244
18020162,2023.0,865.0693319538259,1131.6276966292799,1001.4575005386705,1189.4587562562808,1075.4176542066944,1089.957498521122,604.4173163413104,575.0095287416224,367.03139045556014,863.1791424372124,680.0932685097146,438.0302569984546,141.70167447897603,723.3676574748498,989.9260221503039,859.7558260596945,1047.7570817773048,933.7159797277184,948.2558240421461
18020153,2004.0,1005.0447428265818,996.0587434232942,978.357855532434,1151.1053159682751,1029.6707309832975,920.4078710537664,707.1772539177949,733.7751508761472,476.33095875503784,830.3022975956756,732.6859682582244,740.3461879022763,448.14994401453686,556.8947988120449,547.9087994087574,530.2079115178973,702.9553719537383,581.5207869687608,472.25792703922957
18020153,2005.0,1137.3785156091105,1070.2499751343455,1143.0386105626408,1202.9611244943835,1148.888327018625,975.0083881694998,723.0967576266527,806.5821301911191,441.5091606976978,873.4265772454071,698.4710578237616,742.3036313674534,378.34440180875,759.0341138003604,691.9055733255955,764.6942087538908,824.6167226856335,770.543925209875,596.6639863607498
18020153,2006.0,1556.9496077027488,1600.324808723798,1891.1882653036243,1768.1073807414577,1710.2670145180614,1406.5432208495554,674.1722000305645,727.2545153593777,420.2966036600249,800.2021010054883,693.2510097144135,688.0807595321353,759.346284137499,797.6033235652498,840.978524586299,1131.8419811661254,1008.7610966039588,950.9207303805624,647.1969367120565
18020153,2007.0,770.4279097151652,761.0821393915753,887.7950066595401,872.467890766029,789.815823539146,782.6692001284893,727.8856899433523,782.4404516202042,512.017309746601,837.9992809961309,751.3466784705851,719.7490843720947,348.5263961281453,421.9015135870199,412.55574326343,539.2686105313949,523.9414946378837,441.28942741100064,434.142804000344
18020153,2008.0,801.9823578329319,697.9216317373198,815.9250120815009,809.8481840651532,757.8479912485333,728.6579767107479,671.203944405619,702.4545860700225,443.48116914733674,782.0705155674295,753.0391566663117,669.6153698200486,303.5282683241585,498.45408950877345,394.39336341316135,512.3967437573424,506.3199157409947,454.31972292437484,425.12970838658936
18020153,2009.0,940.0566760977069,920.2551246156567,844.2276263620885,1040.6287028021993,979.9722356207609,833.8074095717109,689.2760022359645,674.0613108454327,462.6898534380729,806.0246919017648,728.7593910662083,758.6792215918646,318.8797582962797,621.1769178014272,601.375366319377,525.3478680658088,721.7489445059196,661.0924773244811,514.9276512754311
18020153,2010.0,1081.0221283083963,1105.9668893310154,955.2095031069465,1192.0787585871158,1090.4181228045609,1038.2643851746102,672.3131687412317,739.3972662859943,461.4200981630195,796.8486802069544,689.3160363416689,701.9720512126215,383.329415796698,697.6927125116983,722.6374735343173,571.8800873102484,808.7493427904178,707.0887070078628,654.9349693779121
18020153,2011.0,1369.212906890529,1388.5686580895335,1438.920873534665,1460.5691017374804,1436.2036722855946,1211.757772665704,678.6205311733768,751.5481766678972,480.6490442051008,832.6902964410638,689.592819544181,672.664183965433,547.2465997092828,821.9663071812461,841.3220583802508,891.6742738253822,913.3225020281975,888.9570725763118,664.5111729564211
18020153,2012.0,817.6021468313528,840.079857676578,816.1413171131301,999.9253197708426,824.8355996611359,831.5340594205005,704.1942197289517,657.1875919290637,443.6996160992488,835.537633275477,774.4917868220074,764.1985747920431,336.17512237350127,481.4270244578516,503.9047353030766,479.9661947396288,663.7501973973415,488.6604772876347,495.35893704699924
18020153,2013.0,917.4550260527643,991.6202214222924,1017.3512433433888,1078.7468294527641,999.6663751316825,921.3623035807665,662.9282221076137,584.247594038055,442.7773297619873,799.75996623588,743.6784656665087,712.1394241346322,367.65820968886953,549.7968163638948,623.962011733423,649.6930336545191,711.0886197638946,632.0081654428128,553.704093891897
18020153,2014.0,637.3608545773866,783.9819719136927,743.4689613051254,851.6287404100084,741.1052726416161,641.710734979032,670.6901970060263,639.4519841801203,483.3353667947584,778.3269011174214,782.1374466449224,651.489656562424,250.3351765297224,387.02567804766414,533.6467953839704,493.13378477540306,601.2935638802861,490.7700961118938,391.37555844930966
18020153,2015.0,780.2388921893448,893.3089323854158,830.6623205284777,1063.9976150381087,910.8810501442542,793.5569926906289,701.9806366100736,663.3245088155163,517.2262057702841,820.7840048165061,748.3308051088795,672.9073334963427,313.8231278939332,466.41576429541163,579.4858044914826,516.8391926345445,750.1744871441756,597.057922250321,479.73386479669574
18020153,2016.0,1172.5753849226714,1253.818280783194,1300.0583589015307,1372.9436906632338,1309.3621889837664,1206.1667396039813,742.6598290131315,722.540958889936,485.52311377636244,890.6382112380511,702.2389473415684,764.7223692888313,433.8420075093642,738.7333774133073,819.9762732738299,866.2163513921665,939.1016831538695,875.5201814744021,772.3247320946172
18020153,2017.0,1666.2395544959747,1751.8885964145102,1718.1744334430357,1873.4061862756562,1852.0364089349514,1504.8498522370585,693.8803498940667,748.3482581804657,435.2962332951002,772.7945336328512,719.9126928947331,630.632077217202,718.368906456167,947.8706480398077,1033.5196899583432,999.8055269868688,1155.0372798194892,1133.6675024787844,786.4809457808915
18020153,2018.0,867.9971293476713,917.0453773170173,939.0416712399572,1068.66972874323,942.4189224834031,762.7913072002716,733.8263737642021,735.6234368268798,487.13808531182605,839.9808271453071,751.3474046739063,727.6729717864819,393.1024986329985,474.8946307146727,523.9428786840188,545.9391726069587,675.5672301102315,549.3164238504046,369.68880856727316
18020153,2019.0,1477.0802287999877,1478.7824451962101,1399.985915747698,1739.5111078842676,1537.9034525749307,1226.6444504296005,710.8539963771167,702.6805362064204,498.1035111501205,808.5472459981343,724.6368949079975,727.59058400651,619.7837965785527,857.296432221435,858.9986486176574,780.2021191691452,1119.727311305715,918.119655996378,606.8606538510479
18020153,2020.0,709.4860458827474,736.7064978189984,715.7623855512684,789.0853994993979,778.6031702954533,643.3013013376847,750.229422487973,731.4012809783733,506.5532231817554,851.1182385473489,789.1306082814336,767.9431892516931,306.32898167295434,403.157064209793,430.37751614604406,409.4334038783141,482.7564178264436,472.27418862249897,336.9723196647304
18020153,2021.0,557.914446111831,573.1094435266225,575.7481854913427,625.0140715885536,605.9587894058209,537.9745314747236,727.0697116033054,680.0414967610363,477.1770914169002,811.9975523252419,805.0747854067561,759.9552127369245,230.28258049816117,327.6318656136699,342.82686302846133,345.4656049931815,394.7314910903924,375.67620890765977,307.6919509765624
18020153,2022.0,864.1766692702945,911.8242414719113,887.3473636014782,948.9236488349934,964.2132874429188,773.5461041929746,723.1565673581264,657.0452450584654,527.38644957085,847.1955894319697,764.8011035248717,727.6068909027483,283.8209657191611,580.3557035511334,628.0032757527501,603.526397882317,665.1026831158323,680.3923217237577,489.7251384738134
18020153,2023.0,1365.4244000449141,1403.131969051079,1290.2813855396562,1550.1334225822352,1476.4437704923823,1224.3196235927808,704.2422699972027,702.7406172756879,504.33564038741883,799.541472209148,715.220543310091,712.9742655860542,508.2975011928779,857.1268988520362,894.8344678582013,781.9838843467783,1041.8359213893573,968.1462692995044,716.022122399903
18020152,2004.0,989.1381022048678,910.5658377792101,925.5673015105508,829.3634916818493,940.7966326665874,892.3899245379132,674.0816640345065,648.8730246748821,517.0563050592064,846.8359478620547,688.6711205206361,613.8986011424944,413.43908046956506,575.6990217353027,497.12675730964514,512.1282210409857,415.92441121228427,527.3575521970224,478.95084406834815
18020152,2005.0,1146.272490345382,1150.8249955314718,868.8063603186637,916.3503519280678,1082.4879489121126,986.4945922262682,704.7279514253312,721.6147807521176,566.7350197445235,903.7557187257781,662.8209640372987,654.2998192946052,385.00160205472883,761.2708882906531,765.8233934767429,483.80475826393484,531.3487498733389,697.4863468573839,601.4929901715394
18020152,2006.0,1366.2397568582105,1307.7944754607695,1029.8101800814227,1191.4164416598946,1351.2568325925736,1147.9312257381525,662.5887775701415,672.7721385944892,485.461967690328,820.9994355558129,662.2321636737596,585.1200958537462,642.3134423038248,723.9263145543856,665.4810331569446,387.4967377775979,549.1029993560697,708.9433902887487,505.61778343432775
18020152,2007.0,620.9794332412305,601.8492085382987,524.7141834137067,526.4063863967021,622.4972764864503,582.5763066150848,659.6552115458871,679.7629436106238,508.11281905120836,823.4047813638562,682.3084701619573,524.9174490800959,93.82551981759948,527.1539134236309,508.0236887206992,430.88866359610716,432.5808665791027,528.6717566688509,488.7507867974853
18020152,2008.0,763.6062510649164,741.0785228503565,568.2649493737499,577.4398908334862,711.1968217020934,639.6967780921624,628.7465723262544,639.4731220918283,485.6045902176302,730.779122766246,679.3358308866616,553.0973423970488,202.02524108882494,561.5810099760913,539.0532817615316,366.239708284925,375.41464974466123,509.1715806132685,437.6715370033375
18020152,2009.0,723.0436239820765,734.1261570218272,536.7011961662265,644.1808446191706,705.0091379349811,687.5497957339026,616.9402576379324,573.7948083095596,441.17689340498475,780.9782424825811,641.467950615763,566.241739714619,148.89279007803702,574.1508339040395,585.2333669437902,387.80840608818943,495.28805454113353,556.1163478569441,538.6570056558656
18020152,2010.0,1053.7467168009512,1016.0284501188298,755.0869777766093,899.9136883306682,993.4077870314159,986.7280683972277,651.8055561469935,647.2868170754176,514.6179216441141,805.9235540013362,629.2573577151694,617.2372329401392,349.57943415701544,704.1672826439357,666.4490159618144,405.5075436195939,550.3342541736528,643.8283528744004,637.1486342402122
18020152,2011.0,1105.1184188204584,1152.3685675193476,836.8643914456694,913.8034429312921,1141.5258767953742,913.1070351365222,652.5224581459996,640.9719208535356,524.1640252714545,842.3364079461753,619.5621252933216,577.6795518252276,366.3792670902699,738.7391517301886,785.9893004290777,470.48512435539953,547.4241758410222,775.1466097051043,546.7277680462523
18020152,2012.0,721.6715456655029,699.8924611814531,505.2598896699111,670.0057118679057,702.991393499677,682.3271466572089,640.5841989224091,596.3579249765521,502.6521853121095,814.3650304636488,686.2353967119298,579.4212368702835,129.21215062748044,592.4593950380224,570.6803105539727,376.0477390424307,540.7935612404252,573.7792428721965,553.1149960297284
18020152,2013.0,758.4141639710411,768.5117895540416,594.0608922639641,676.732774898747,774.4920369883837,724.8176811811185,665.2277359908699,555.9267396664286,548.44370192523,808.5343476424732,726.4574208054642,612.3837577442014,160.95597967335328,597.4581842976878,607.5558098806883,433.1049125906108,515.7767952253938,613.5360573150305,563.8617015077651
18020152,2014.0,486.16801271909105,502.62411949947233,470.0111631489125,511.30788114891084,534.4700007633214,553.3379139357326,671.8041105307403,594.9578925259091,541.5170332180495,843.1799780110874,740.9821086589886,547.2205272257104,61.36033794096428,424.80767477812674,441.2637815585081,408.6508252079482,449.9475432079466,473.1096628223571,491.97757599476824
18020152,2015.0,782.602356002741,744.8157290041322,643.8651005929539,702.7215250380108,737.2399343532101,875.2216213646605,652.7283893478583,563.9911211062768,497.16765844868803,848.7946459304654,698.7181107653763,591.3200434413794,201.9644776738551,580.6378783288858,542.8512513302771,441.9006229190988,500.7570473641557,535.2754566793549,673.2571436908054
18020152,2016.0,991.0760528480865,993.8946319134072,813.3426324734291,908.0433368777362,985.4005741747964,1012.7223514856385,692.4586254167717,628.5385628607588,527.3897534324242,952.8817461402014,677.1703032711778,663.7040755769543,323.1852882403087,667.8907646077779,670.7093436730985,490.15734423312034,584.8580486374276,662.2152859344876,689.5370632453297
18020152,2017.0,1317.9623365547327,1298.4508721464103,1101.323576042929,1220.9757701293681,1304.947648365016,1184.8998396439197,645.2186280718497,659.7960784673085,440.1378968088852,818.9158678443437,661.0361771156104,528.8903759627925,553.8108777211626,764.1514588335702,744.6399944252477,547.5126983217664,667.1648924082056,751.1367706438534,631.088961922757
18020152,2018.0,583.9099601953202,534.0562973197858,441.1235649922368,509.02687015033945,543.179589481807,553.7522845579815,633.9883845277468,635.8125706295644,438.03580157457776,783.8891843994734,688.1421001323531,517.9193724536086,72.98647140817778,510.9234887871424,461.06982591160806,368.137093584059,436.0403987421617,470.1931180736293,480.76581314980376
18020152,2019.0,1235.3194185548743,1241.0390838352605,983.0661793785198,1095.2928646092746,1251.0755683419661,1095.8328909329107,649.2655584494896,636.677672679199,475.5116469031186,819.0265240481973,666.3008481924915,588.0190942347381,485.7197152402594,749.5997033146149,755.319368595001,497.3464641382604,609.5731493690151,765.3558531017067,610.1131756926513
18020152,2020.0,530.7663577463042,531.4013978409081,428.8310321234111,493.4557304637324,527.724560736866,549.9576274088146,631.6986259370865,593.3410844529301,436.6518139378095,809.3121081326914,674.6777609214986,600.0536605449627,63.28975154908442,467.4766061972197,468.1116462918237,365.54128057432666,430.16597891464795,464.4348091877815,486.66787585973015
18020152,2021.0,399.8051582069562,408.1933467763183,282.9948919331033,378.6833349853855,403.1968700789445,402.70106302756403,537.3315309141132,475.85372532454966,374.2441524895436,715.9047488563322,609.0047045053408,486.45810944037066,38.571454610977874,361.23370359597834,369.6218921653404,244.42343732212544,340.11188037440763,364.62541546796666,364.12960841658617
18020152,2022.0,650.7763501739018,610.5283838478582,498.16879503528355,509.21088302323903,617.9325116020507,586.957430929168,481.2175485044377,376.135856266064,320.6832935812559,717.1179233545529,530.3285967119011,454.10486793685897,80.9553380150683,569.8210121588335,529.57304583279,417.21345702021523,428.25554500817077,536.9771735869824,506.00209291409976
18020152,2023.0,1145.4672905887503,1163.2547718334856,867.2482559211287,1013.8514777128607,1170.7475281826253,1044.1135860608265,578.5711896799131,521.8793710584279,411.156445337354,815.0771500522208,592.8099961613544,518.5933006112655,507.80906851454677,637.6582220742036,655.4457033189389,359.43918740658194,506.042409198314,662.9384596680786,536.3045175462796
18020151,2004.0,1005.966619955852,1119.8035974267802,968.3279842988436,1033.4281855117563,1142.7842947574647,941.0037764817489,783.7205373686429,815.1967248881026,535.0890873791393,888.1854451832271,806.721881348437,756.224550019394,594.6663785779477,411.30024137790423,525.1372188488324,373.6616057208958,438.76180693380854,548.1179161795169,346.3373979038011
18020151,2005.0,1190.8872044558937,1194.4636559129979,1307.7967880265082,1114.8916600932166,1269.4012212277325,980.5499716043819,820.8960623905423,890.3634357217481,568.1504524289578,953.5593900386713,785.8481887862911,786.9051397895704,506.77655113195686,684.1106533239367,687.6871047810411,801.0202368945513,608.1151089612598,762.6246700957756,473.773420472425
18020151,2006.0,1611.474746473719,1693.6986872747611,1798.9199415551059,1495.8023399680148,1784.6896131682672,1350.7088238037381,767.0671924457274,806.4031519249968,512.7687995280852,876.2285732364195,787.1350529937074,720.0024290598693,1155.1315278150116,456.3432186587074,538.5671594597495,643.7884137400943,340.6708121530032,629.5580853532556,195.57729598872658
18020151,2007.0,803.9706658657669,831.1987231855443,888.8249336142818,772.6617145177787,867.3519999385242,759.2570412087555,822.2495216929349,879.4329730180973,635.0844195068664,912.4507148091138,853.5994028875853,714.8180550869874,289.298417302405,514.672248563362,541.9003058831393,599.5265163118768,483.3632972153738,578.0535826361192,469.9586239063505
18020151,2008.0,809.7416450807864,769.8253682055245,807.7844664623673,709.3516232818982,788.6915587463166,722.9494147473457,737.6861542756769,775.9478166169014,518.9249247700877,820.1660225131259,848.2518293992524,624.4173360583603,265.8176715100201,543.9239735707663,504.0076966955044,541.9667949523472,443.5339517718781,522.8738872362965,457.13174323732557
18020151,2009.0,917.4263474112099,933.7302297946784,850.6902853898848,843.6808130907098,972.9563223791383,790.9661910164594,787.173908267404,786.7921387270959,534.4366883080967,877.8615089168437,852.5172211761325,777.5642551440338,247.43716796714222,669.9891794440676,686.2930618275361,603.2531174227425,596.2436451235676,725.519154411996,543.5290230493172
18020151,2010.0,1094.7965325581229,1170.1734962569265,1050.6724320153412,1041.5213506548234,1157.4809126619846,1021.6172300308731,794.5266568754103,863.4482323358735,596.9815860649029,878.9959799018665,791.0929000277812,760.5671035964639,420.76390876389127,674.0326237942318,749.4095874930352,629.9085232514501,620.7574418909322,736.7170038980933,600.8533212669819
18020151,2011.0,1297.8162879794588,1372.232107338141,1463.341493060378,1229.2407602509795,1462.354237558752,1192.7988960832545,790.0303397733301,804.7749944585709,607.0134675277066,932.305228105206,777.6475834801219,727.6541876468193,676.3702237906907,621.4460641887682,695.8618835474502,786.9712692696871,552.8705364602887,785.9840137680613,516.4286722925636
18020151,2012.0,841.933383236805,829.1328508275293,846.4006636697858,794.2120077116468,870.2220639143766,767.8868522169352,798.2485980774057,738.3590597243772,556.9673932768391,927.6946530444002,899.8245283841345,782.9652929294934,262.2966512590887,579.6367319777162,566.8361995684405,584.1040124106971,531.9153564525581,607.9254126552879,505.59020095784643
18020151,2013.0,927.9246616920666,1002.617007281314,1141.5390321302361,912.9540858042299,1037.7918747772849,898.9716627723418,804.2637337278569,719.5530420587154,604.9957995274353,899.0623378156045,916.7273687043523,746.3560336234752,338.9429466481111,588.9817150439554,663.674060633203,802.596085482125,574.0111391561187,698.8489281291737,560.0287161242306
18020151,2014.0,602.6740204677468,732.6158248413013,765.283910501292,644.5490199256569,707.4652476313609,603.9653935267983,790.6535646241726,745.0007902835363,615.5263811752505,886.5061915819147,995.1286252059183,649.1886663669638,167.47690617274665,435.1971142950001,565.1389186685547,597.8070043285453,477.07211375291024,539.9883414586142,436.4884873540516
18020151,2015.0,780.4045216384187,918.6401646004291,995.8084572885784,867.252107105809,950.5688557928305,804.3117037562619,815.6522368863168,747.569113463355,632.1391935029127,913.2270026595811,930.2178625573302,718.9743688387964,291.6090233116832,488.79549832673547,627.0311412887459,704.1994339768952,575.6430837941258,658.9598324811473,512.7026804445787
18020151,2016.0,1168.6427544739256,1321.7677165073171,1411.2360657781703,1178.6379978712826,1351.8102527900526,1163.0693017636047,860.6161240331124,834.9696965800706,596.9995224618565,980.112833973159,875.8948210208167,814.4707473623337,608.1557266895331,560.4870277843925,713.611989817784,803.0803390886371,570.4822711817493,743.6545261005195,554.9135750740717
18020151,2017.0,1727.117896906552,1792.2336060198838,1999.887733326939,1625.1664798186084,1871.8649045514637,1429.2050291567905,786.8092956614988,826.7391457179713,530.7479347662028,844.3106572476495,865.4648028223268,670.010951870942,1074.979371079866,652.1385258266859,717.2542349400178,924.9083622470729,550.1871087387424,796.8855334715975,354.2256580769243
18020151,2018.0,829.230634329092,847.654845719072,944.6376409274063,792.5508082641769,885.7561579667142,655.3490977407871,848.103982123095,858.3265154883321,599.5156758088098,941.9589625602441,911.3893572903768,799.7484091189037,296.0832425681635,533.1473917609285,551.5716031509086,648.5543983592429,496.4675656960135,589.6729153985508,359.2658551726237
18020151,2019.0,1474.8307359444761,1557.6082354594203,1676.5317624561678,1428.1319241838112,1594.7985252731344,1181.2253118087563,796.3459241962058,793.9635599141425,549.1907375763673,872.9769405977383,861.4733735079342,763.7432605144619,775.2637367152417,699.5669992292344,782.3444987441785,901.2680257409262,652.8681874685695,819.5347885578926,405.96157509351445
18020151,2020.0,684.013829783107,793.8907460005375,886.400078177642,701.6977374726255,814.9437785655055,600.4408306008683,859.5309459581297,831.5435732430826,587.6548652118227,938.8574679953828,946.4740288986499,833.1262293312443,235.5797665580281,448.4340632250789,558.3109794425095,650.8203116196138,466.1179709145974,579.3640120074773,364.86106404284016
18020151,2021.0,517.1305267832744,589.9707530263707,655.0985882381684,483.0873210761006,606.7842071697373,461.5555077739968,813.8607748238462,787.0557523481718,515.428797344645,885.1349404110605,963.1587485473316,761.7372149986982,135.27811070345115,381.85241607982323,454.6926423229196,519.8204775347173,347.80921037264943,471.5060964662862,326.2773970705457
18020151,2022.0,837.3648310064567,904.0871939836526,917.4981335193921,720.1329291111974,948.4747956043942,679.2184175819932,784.0285080817267,718.4469968236156,547.6348511982283,893.7104617350695,908.0876032322534,708.6951390595043,253.58260123490453,583.7822297715521,650.5045927487481,663.9155322844877,466.5503278762929,694.8921943694896,425.6358163470887
18020151,2023.0,1318.9242470844067,1469.6679262871232,1520.6784727766512,1211.6090242659345,1500.0720932169804,1170.9153631414465,799.1907789191233,791.5265126355598,546.6964935408573,879.4616567225927,844.5275703553508,758.6254322940388,686.2794186640755,632.6448284203311,783.3885076230476,834.3990541125758,525.329605601859,813.7926745529049,484.63594447737114
18020125,2004.0,1077.9898851192177,1286.5551524071484,1090.1427259720538,1193.7085687275512,1316.4391790708853,1147.2099001572633,899.3700558083115,932.3242766545766,690.2141651806475,964.9242432615584,1061.631866088927,909.5539449580442,388.887677089085,689.1022080301326,897.6674753180633,701.2550488829688,804.8208916384662,927.5515019818004,758.3222230681782
18020125,2005.0,1502.4501350130733,1746.3550324726673,1676.2505466826603,1612.1506879210638,1716.7281993692386,1426.6996282810146,867.648693470802,932.9189511430682,661.377451290116,975.2421943469002,986.3612943591877,876.7228405180784,525.2125140627596,977.2376209503136,1221.1425184099078,1151.0380326199008,1086.9381738583043,1191.5156853064789,901.487114218255
18020125,2006.0,2039.1518101244046,2401.221498879433,2289.50638288526,2181.730142556716,2342.734761895529,2016.1419854121175,859.3309167178711,911.0055566063551,645.3123087619527,926.4318939905222,1019.8405559270586,829.8602330744549,1376.2575076868543,662.8943024375502,1024.9639911925788,913.2488751984057,805.4726348698618,966.4772542086749,639.8844777252633
18020125,2007.0,996.4684664564488,1134.7377666289726,1074.7309622559937,1039.5649152987924,1181.8807054784706,1063.5986282025788,932.6335134445743,984.7605051008728,759.7517701994659,962.9315657028776,1095.0133980069445,889.3859018540783,258.57154193827967,737.8969245181693,876.166224690693,816.1594203177142,780.9933733605126,923.309163540191,805.0270862642991
18020125,2008.0,951.4929811135723,1073.8877354248307,947.5486810624446,996.7112422475482,1128.5182132740083,952.0752862103303,857.3641406305719,922.6310025376683,669.679982031245,886.6787349498192,1125.5743313502933,801.073674375563,235.06491042363507,716.4280706899373,838.8228250011956,712.4837706388096,761.6463318239131,893.4533028503732,717.0103757866952
18020125,2009.0,1282.3167806921854,1366.0886243677446,1182.7818356616378,1256.4180509707724,1426.230268298547,1213.114711616747,871.870981461363,897.8705470380199,721.1474595328434,909.768674791708,1068.5330305207515,802.5116449520838,356.6907279059005,925.626052786285,1009.3978964618442,826.0911077557374,899.7273230648719,1069.5395403926464,856.4239837108464
18020125,2010.0,1349.5211711481393,1463.9357321607222,1182.3214123749674,1396.6649027366796,1467.3631554951457,1327.7981086675375,814.3868475904392,925.5942674666919,596.6733796401463,887.1253671602663,976.7255360029084,800.3242092886493,407.2481065866446,942.2730645614945,1056.6876255740776,775.073305788323,989.4167961500351,1060.1150489085012,920.5500020808928
18020125,2011.0,1877.2730442298996,2244.9418366650134,1893.9825054331538,2071.476762563276,2284.657080370559,1827.619351159032,811.6955246339743,877.1248972850235,639.6689309229802,916.1210937925359,972.416242708854,795.7743278114715,1101.747278376702,775.5257658531973,1143.194558288311,792.2352270564518,969.7294841865739,1182.9098019938572,725.87207278233
18020125,2012.0,1055.065921689595,1274.2461652101733,945.7588754654436,1153.8544856629076,1287.6229723906367,1131.9990080958735,910.321587392759,861.9804395168771,727.0090449473187,986.9115683390904,1102.715053018016,877.8318883270093,392.20212056098677,662.8638011286081,882.0440446491866,553.5567549044567,761.6523651019207,895.4208518296501,739.7968875348868
18020125,2013.0,1150.6280373456188,1350.778239605817,1275.086808576007,1248.9396870289208,1404.6356069050069,1212.910573576991,937.3873873994003,901.9520708596416,798.0140496508051,984.2037710860691,1152.9804449299786,887.4794655451541,365.21528828277513,785.4127490628438,985.5629513230417,909.8715202932318,883.7243987461457,1039.4203186222317,847.6952852942159
18020125,2014.0,849.9519190277374,971.2244607168624,859.3555523892643,934.4590204692645,1018.8209334387236,893.6136097097628,926.2465370114357,888.6093551571657,717.7271584811192,951.4829612959264,1161.6641596607894,912.3461353712988,176.1445144892494,673.8074045384881,795.0799462276129,683.2110379000148,758.3145059800152,842.6764189494743,717.4690952205134
18020125,2015.0,909.3844850025523,1009.0301634983782,953.1319028492029,995.2331555736237,1046.0484334200758,933.1928719193066,959.4753388103634,877.238668266662,828.0133256511945,1009.1155475919825,1118.2311003701318,938.3580931078061,151.18680431112762,758.1976806914247,857.8433591872506,801.9450985380753,844.0463512624959,894.8616291089481,782.006067608179
18020125,2016.0,1511.4779593444914,1668.7862554665771,1506.384261680913,1631.2823360993243,1692.2638364873312,1665.3768328949136,956.7059752454865,878.526254410033,758.9489860809299,985.1556505494391,1063.139874955229,974.3332440366473,501.88498470648216,1009.5929746380092,1166.901270760095,1004.4992769744308,1129.3973513928422,1190.378851780849,1163.4918481884313
18020125,2017.0,2485.265638045234,2853.911860504707,2628.1980421060593,2863.2579541145583,2925.5067487900224,2323.4658009273026,927.8836125642472,932.1381608150706,695.9339680040462,931.8579707605472,1062.8389719430395,907.2639369164207,1805.172058906096,680.0935791391379,1048.7398015986107,823.0259831999632,1058.085895208462,1120.3346898839266,518.2937420212066
18020125,2018.0,1260.090463287061,1384.0149308493171,1317.10336858358,1362.6721393277878,1411.3895259063077,1234.466421638975,969.9641616529707,932.7711002809276,760.9111619133913,1017.2865868606298,1132.123995838305,928.4997906704612,511.4314809281582,748.658982358903,872.583449921159,805.6718876554219,851.2406583996296,899.9580449781496,723.0349407108166
18020125,2019.0,1902.5632043966184,1980.346723547681,1786.8383754168278,1997.856362564672,2007.055475974788,1706.5775482270208,938.5079073495193,927.2503739526627,759.2575419083021,973.2554996763132,1066.576683378781,936.6774404559325,895.4321273587367,1007.1310770378817,1084.9145961889442,891.4062480580911,1102.4242352059355,1111.6233486160513,811.1454208682841
18020125,2020.0,971.2186318349158,950.1258855251664,852.6058451089217,924.7542119426146,953.286307708921,872.5664927159011,1014.651380590892,951.3635550639702,799.9237994868658,1043.213751116826,1159.2479940995067,1051.3160153469262,252.85853426706777,718.360097567848,697.2673512580986,599.7473108418538,671.8956776755467,700.4277734418532,619.7079584488333
18020125,2021.0,723.1097978119029,706.2634587447775,640.2722733079013,726.5269783001136,721.4643088581282,697.3051339999146,968.1776148871105,920.2952473285384,763.5876143768886,975.3175233678547,1247.1361928119377,954.4003227792482,150.00894423433607,573.1008535775668,556.2545145104415,490.26332907356516,576.5180340657774,571.4553646237922,547.2961897655786
18020125,2022.0,1201.45664537515,1349.4656454532121,1247.214149609112,1337.9659574016432,1389.5693945219195,1007.9312660653829,965.6284850707543,896.3878778956698,775.3309555973922,988.05359617684,1145.0226139825666,939.9567430861814,230.6287957873707,970.8278495877792,1118.8368496658416,1016.5853538217413,1107.3371616142724,1158.9405987345488,777.3024702780123
18020125,2023.0,1906.9006262865732,2011.1402004967924,1746.7717196544118,1980.7508527406346,1993.4402732949025,1697.2570239041063,930.6123224688632,937.7859765667957,743.5215108856077,934.0596866627493,1019.9185864812968,934.2152686708079,987.5973956931065,919.3032305934668,1023.542804803686,759.1743239613053,993.1534570475281,1005.842877601796,709.6596282109998
18010210,2004.0,1191.4383292881803,1391.668161308433,1450.1850812635844,1243.6211800710641,1514.7023095368477,1013.0231990220176,909.5734573603561,943.2488119519093,663.8945659680094,984.2677177872924,950.5759688051398,914.2871258384166,763.8700700346461,427.5682592535342,627.798091273787,686.3150112289384,479.7511100364181,750.8322395022017,249.15312898737156
18010210,2005.0,1197.736684473975,1428.3380180063157,1099.783531201216,1299.6831276669532,1448.1509086497197,975.5700262686335,883.8500728455099,954.5935322177058,669.7129366618617,962.0903279360717,908.7259523129969,866.0841193624972,669.680890703753,528.0557937702218,758.6571273025627,430.1026404974629,630.0022369632002,778.4700179459666,305.88913556488046
18010210,2006.0,1694.0119638751007,2069.1210119144916,1878.9624461422932,1973.4624182675145,2108.5416458502527,1473.8405768064035,887.8726564450749,1002.1564306555662,618.987559478008,938.6912605120591,942.1092418928454,876.6698239826982,1532.5129685178729,161.4989953572279,536.608043396619,346.4494776244204,440.94944974964153,576.0286773323802,-58.67239171146913
18010210,2007.0,1077.1416088694084,1246.772697091427,1149.652514035368,1208.5604358998278,1328.0118440051176,950.2412973156779,931.9459407664492,1007.3667438944498,678.4381302502788,1005.047489266727,946.631920673605,898.3382296275321,745.3332392081383,331.80836966127015,501.4394578832888,404.31927482722983,463.22719669168964,582.6786047969792,204.90805810753977
18010210,2008.0,1097.038416188809,1317.8037494744665,1013.6013666438147,1188.3891756680564,1372.0060184185593,909.5037549605413,867.0497461799566,979.3380049184855,571.6677361705956,893.6492131628888,945.0296997968716,883.4063988323993,757.0591080467743,339.9793081420346,560.7446414276922,256.5422585970403,431.33006762128196,614.9469103717848,152.44464691376703
18010210,2009.0,992.1976660692169,1188.0392193088464,966.1288322942078,997.7719838583408,1246.5344005167126,822.0523359929965,877.8211762596852,892.4067964689035,621.4015264576832,930.4621267921575,923.8603238273163,903.160013919517,566.3119377945969,425.88572827461996,621.7272815142496,399.81689449961084,431.46004606374385,680.2224627221156,255.74039819839956
18010210,2010.0,1304.2665370314332,1519.8329881677755,1205.1266698880454,1349.9452255451533,1467.0984319848283,1100.1233054990953,826.2688540196906,887.7984071935124,587.0465029442055,925.7866938499243,867.7807643698096,861.3466343073807,790.3368874325969,513.9296495988365,729.4961007351786,414.7897824554486,559.6083381125565,676.7615445522314,309.7864180664984
18010210,2011.0,1474.7451584896544,1715.6105967500189,1500.1773586155448,1570.6734637639127,1826.1405598973552,1229.8841720159523,829.0742687139768,890.1295654441866,575.9764489524052,927.695841759855,896.3376060752139,802.5806316035373,1138.423943458873,336.3212150307812,577.1866532911458,361.7534151566717,432.24952030503954,687.7166164384822,91.46022855707912
18010210,2012.0,1182.7962383686863,1290.9014311964306,966.030692624425,1221.376251085034,1368.2680557642373,990.0641903160812,908.2099164365309,867.5942795730307,729.27750433918,976.2271553159146,1018.6960948068682,873.6273571495416,778.3746403673188,404.42159800136756,512.5267908291117,187.65605225710618,443.00161071771515,589.8934153969184,211.6895499487623
18010210,2013.0,1120.9324798039315,1320.1328514789034,1151.2207447333321,1198.2078634053441,1293.111538420118,1067.177606553949,930.7805597184041,905.0472864134987,739.4530374345769,960.3491489385844,1033.4175147778826,905.6773184482097,572.1786442068933,548.7538355970381,747.95420727201,579.0421005264388,626.0292191984508,720.9328942132247,494.99896234705585
18010210,2014.0,707.3108635899471,791.3620461481185,782.625660605808,789.1564943862153,875.1072136074995,795.3568321035611,950.7522423675405,933.973927501138,707.5422594196806,1027.6884840658572,1001.1971143331398,922.7058387055268,389.80655569760194,317.5043078923451,401.5554904505165,392.8191049082061,399.3499386886134,485.30065790989744,405.55027640595915
18010210,2015.0,1017.7030998925695,1206.846822891535,1040.1705442820553,1147.2318495067657,1263.5604281768199,1158.5402171916937,917.0139877105948,894.336026770969,712.394921413311,992.3394028398693,922.5120495338091,915.3638533986101,556.7147303267319,460.9883695658376,650.1320925648033,483.45581395532355,590.5171191800339,706.8456978500881,601.8254868649619
18010210,2016.0,1347.252332627842,1658.9276415118704,1385.4920822745735,1612.2071239088814,1756.4569399884335,1306.5980153815594,922.1776801922563,901.8780491421378,659.7637221417484,1006.9383766427959,928.5411888013193,921.8348621627971,1045.7737372631389,301.47859536470315,613.1539042487316,339.71834501143474,566.4333866457424,710.6832027252947,260.82427811842075
18010210,2017.0,1868.5605870212949,2357.7127760954872,1877.179206015805,1821.8835096598464,2478.9444866686968,1687.72036343151,861.1704594498434,914.7786773584614,560.3158129890983,912.7234859873029,862.1255739558686,885.6103995037391,1678.7669669286586,189.79362009263627,678.9458091668288,198.4122390871464,143.11654273118774,800.1775197400381,8.953396502851312
18010210,2018.0,925.3869479406394,1112.6977415468818,858.8974529628788,790.1752964070155,1123.5100978354778,790.3633817258477,887.4745663467633,920.2504483553515,597.8681990021395,972.3873091709288,919.6849654231437,852.6464020261325,564.2172243606308,361.1697235800086,548.4805171862511,294.680228602248,225.9580720463847,559.292873474847,226.14615736521685
18010210,2019.0,1338.8293459035922,1596.6527865815974,1205.2351697702954,1228.031698463916,1672.2195608519166,1187.0537012191262,859.1989133639029,895.5258379901763,624.2952256038576,928.061624943713,860.7251509560228,852.4416031619116,897.9719644002447,440.8573815033475,698.6808221813527,307.2632053700508,330.05973406367116,774.2475964516718,289.08173681888144
18010210,2020.0,786.2059398779109,923.0586351733446,764.5911030527697,818.4517603412887,962.5510133313207,800.216037503567,904.3921511486702,951.2965344631484,656.7361634451488,953.1350865371364,924.7969575428574,913.9711990886077,408.8840388510038,377.3219010269071,514.1745963223408,355.7070642017658,409.56772149028495,553.666974480317,391.33199865256324
18010210,2021.0,826.8014433197338,910.505443005373,802.0829533286687,850.9119971322644,956.3612835267181,761.8446585598174,903.1745848456056,957.69950437578,672.6690030776352,937.2298426878457,934.3024996093237,892.1184348685132,412.9376739717161,413.86376934801785,497.5677690336569,389.14527935695264,437.9743231605484,543.423609555002,348.90698458810135
18010210,2022.0,1014.8311904137211,1106.4823753939554,874.015622600926,981.5286352703051,1131.7298107914726,896.3469122364036,797.4956888576774,777.6163108961227,570.2419246261665,885.3884612103063,782.0361173052228,815.4288979565637,493.55773722856225,521.2734531851588,612.9246381653932,380.45788537236376,487.97089804174294,638.1720735629103,402.7891750078413
18010210,2023.0,1346.6936136761326,1492.3210642469899,1137.8588344716102,1398.6925996609016,1571.787631312286,1278.5568201085853,835.0062396795875,818.2661064551933,617.7018370338831,914.7024164745834,819.9763228409955,858.5893553948424,858.1183439221994,488.5752697539332,634.2027203247904,279.7404905494106,540.5742557387022,713.6692873900864,420.4384761863858
18010208,2004.0,980.6495247721449,858.1827612154856,938.7485754495056,701.4256895288214,781.7609140473584,722.3596362118884,780.2786002738362,797.0075826099055,581.4188850237443,894.7711633814472,730.3059112736307,838.2995001771582,207.94888604382507,772.70063872832,650.2338751716605,730.7996894056805,493.47680348499637,573.8120280035333,514.4107501680634
18010208,2005.0,977.3847108304469,888.9189898550659,552.0220905646327,863.4840792079397,816.8353621753181,758.3291157895436,764.1483411805876,812.9902462101633,565.4102728350041,900.2556381374309,704.9639569628766,788.9513566609097,184.52400169422924,792.8607091362177,704.3949881608366,367.4980888704034,678.9600775137104,632.3113604810889,573.8051140953144
18010208,2006.0,1372.9291010400161,1218.0425573943112,885.0865282975037,1285.2817767849156,1187.5347215576394,1114.4271937849114,752.7171999309892,804.7743939450795,528.3413397370172,857.1762961111467,728.9283796484899,789.0679663174354,530.1047719969165,842.8243290430995,687.9377853973948,354.9817563005872,755.1770047879992,657.4299495607228,584.3224217879949
18010208,2007.0,839.3596545755076,697.7799901306336,540.3921695888433,758.4722673382167,719.6855370398332,715.4438190166593,782.9186167105952,831.3508289349811,550.7973796279774,914.5657099571386,739.9100187943877,785.5806964474502,173.7923214420729,665.5673331334347,523.9876686885607,366.59984814677046,584.6799458961437,545.8932155977602,541.6514975745864
18010208,2008.0,869.6030197824027,752.0952385945263,491.00863984722787,734.6243189090612,712.2050613207405,656.2597081722416,737.504170140922,793.765574098526,522.7087970379873,835.4055192986773,722.47412858331,780.1263378396402,174.87695959347565,694.7260601889269,577.2182790010507,316.13168025375217,559.7473593155856,537.3281017272648,481.3827485787659
18010208,2009.0,800.409222390717,651.7706941796296,482.08825391703914,591.3744687863624,659.1655536486671,599.9337654090887,767.3614371198288,765.1122097566976,582.2950732925449,853.2810390065769,751.2709150509521,809.4555819699062,114.05649366113839,686.3527287295786,537.7142005184912,368.03176025590074,477.317975125224,545.1090599875288,485.8772717479503
18010208,2010.0,1045.288542724979,881.7394739814035,621.2025300832479,848.1972320016711,738.1935727133178,799.8082211052885,734.4020261787522,766.3359805160143,544.7560938564845,875.718497767655,701.3706265053785,797.3602957616159,196.02690464291004,849.2616380820688,685.7125693384936,425.17562544033785,652.170327358761,542.1666680704078,603.7813164623784
18010208,2011.0,1190.7125421830067,986.2466292876117,810.1177680276357,1031.249672274518,980.4895958078071,882.2411624577566,721.4691780658659,757.4048451682959,509.2597173194623,869.4791045012638,694.9990231925631,744.5024917739316,325.61444342337137,865.0980987596353,660.6321858642403,484.5033246042644,705.6352288511465,654.8751523844358,556.6267190343851
18010208,2012.0,947.6718305168251,699.3231343775715,473.5219158555874,739.9600088667694,688.1111201925875,694.0885902063895,773.2155582752264,731.1109602355898,586.1533237170922,892.2695572523744,787.5146594079653,783.1512590148509,184.3823712771079,763.2894592397173,514.9407631004635,289.1395445784795,555.5776375896615,503.72874891547957,509.7062189292816
18010208,2013.0,883.253082603773,803.7377238054322,580.2577028317436,796.6662924784441,773.093228990621,755.574711681145,786.7729845583779,734.8776986738204,615.7903430889503,884.8679969450798,800.5956362184396,811.3713392128319,138.2754226152195,744.9776599885536,665.4623011902128,441.98228021652415,658.3908698632247,634.8178063754016,617.2992890659256
18010208,2014.0,571.0028781477225,517.5861804937015,397.6309316157864,543.9958738289527,522.6252257906158,587.1465174346984,824.2525446315053,815.035921535409,627.0299004060445,926.1094520796034,816.1635109047821,829.1614864712008,71.83382909322403,499.1690490544985,445.7523514004774,325.79710252256234,472.1620447357286,450.7913966973918,515.3126883414744
18010208,2015.0,854.113143205145,803.1616088838186,570.7067662834882,840.4945594306624,749.9201532087739,834.2669139066327,817.6217081106568,739.125604841014,674.6242817317468,938.6396629026447,765.270914123804,855.4581307157289,171.37772413168045,682.7354190734646,631.7838847521383,399.32904215180776,669.116835298982,578.5424290770935,662.8891897749522
18010208,2016.0,1079.8975436005994,985.9876467177436,627.365155697051,1016.9393027232453,982.3816905631318,968.1624257374544,812.2397369511651,747.6336739605349,603.206491763016,963.345918189455,742.8892479213015,861.535003540706,287.48072917028964,792.4168144303098,698.5069175474539,339.8844265267614,729.4585735529556,694.9009613928421,680.6816965671647
18010208,2017.0,1462.2522975082638,1339.9803280745366,863.9227026755234,1236.8715087679393,1305.426952050891,1211.040601033428,774.2740874779098,765.5956694354131,522.0991096381938,876.1785299913555,712.6544337087003,842.2946382892083,505.40524870040883,956.847048807855,834.5750793741279,358.51745397511456,731.4662600675306,800.0217033504822,705.635352333019
18010208,2018.0,733.7019817418533,562.8318291970116,396.9573521386892,540.5556865266136,545.7264734574023,569.6768581753705,801.129613519894,772.048382048455,594.7696288283831,915.8691757046876,774.6628135185692,795.5916234152786,108.08797880851382,625.6140029333394,454.74385038849783,288.86937333017534,432.4677077180998,437.6384946488885,461.58887936685664
18010208,2019.0,1085.1019938502661,944.142674458377,570.00737617123,872.3439714361375,881.7477745253524,900.6090378196817,773.4023672437012,755.0351418013163,577.4889874718648,890.473759812991,712.4343644960599,804.6938262473996,239.58816055055777,845.5138332997083,704.5545139078191,330.4192156206723,632.7558108855796,642.1596139747946,661.020877269124
18010208,2020.0,631.447072944095,500.43723806022814,350.32115938768146,479.74414965726373,469.2795699210813,532.8153516356361,795.8635335913483,778.2762614313833,598.8134578111458,903.4787618562466,743.996624048648,856.4966004992446,71.37179858035381,560.0752743637412,429.0654394798744,278.94936080732765,408.3723510769099,397.9077713407275,461.44355305528234
18010208,2021.0,639.9621723779626,480.26971580227433,357.5094097115961,540.9302462183372,466.9512734891843,526.2651124104387,819.4018363968738,823.8905040611309,620.294807727101,904.213111602036,769.149933788923,867.967514848909,64.04463184968151,575.917540528281,416.22508395259285,293.4647778619146,476.88561436865564,402.90664163950277,462.22048056075727
18010208,2022.0,779.6164634675198,603.1784824008977,378.33294974508976,616.5913305188416,561.838918824102,611.4843997119052,751.01970108713,700.6319222785539,574.20609087349,871.2281256763872,689.845839375644,812.6210090504132,80.52518204363055,699.0912814238893,522.6533003572671,297.8077677014592,536.066148475211,481.3137367804715,530.9592176682747
18010208,2023.0,1096.846261189773,856.2219155567269,525.9139978860352,890.2973549336908,822.4316577741041,891.3315095372882,752.4072751516885,746.6792748820991,578.2192560388596,859.6699523790787,677.5783406518167,816.8794993154108,217.36825437746367,879.4780068123093,638.8536611792632,308.5457435085715,672.9291005562271,605.0634033966404,673.9632551598245
18010207,2004.0,918.1751140062413,623.4528933118233,697.5641508255978,630.5466437112376,667.9141808488057,649.7791023185895,595.9709768342912,588.7169758673937,441.3337095853282,778.050120017224,532.7750841834771,657.9560042237238,66.12755695014604,852.0475570560952,557.3253363616773,631.4365938754518,564.4190867610915,601.7866238986596,583.6515453684435
18010207,2005.0,959.2405797784947,744.8370727430885,430.2536515117538,768.0036965625101,722.3652844802077,692.6749459834767,583.9719536172599,606.4319465638622,421.4554605349607,816.2906586062765,526.5644441656775,587.4109069470113,66.64315890647218,892.5974208720226,678.1939138366163,363.6104926052816,701.3605376560379,655.7221255737355,626.0317870770045
18010207,2006.0,1285.7481819218083,1020.544061954239,650.6867611380144,1068.7644444486887,1008.1629960534357,891.7219681261347,559.2814838488163,568.3283755336385,380.5064054535578,723.9832775029543,518.2940893900392,615.7773349625692,155.67503008033864,1130.0731518414696,864.8690318739003,495.0117310576758,913.0894143683499,852.487965973097,736.0469380457961
18010207,2007.0,748.6740927978631,542.9256708550066,401.5309041034317,554.7887522054783,569.7499102168331,560.260863449022,587.7900516111033,585.9199326239788,426.7402902129526,773.9736094850099,539.6217625404804,639.826185920152,70.06726031555829,678.6068324823049,472.85841053944824,331.4636437878734,484.72149188992,499.6826499012748,490.1936031334638
18010207,2008.0,742.5805721907216,566.068146022226,395.95821562190713,590.2249680635333,578.0304498345146,542.0552673822543,546.9519161796096,545.004169978612,419.5752556025763,714.5032908287302,521.7709135324526,567.3219152928824,59.09210044502012,683.4884717457014,506.9760455772059,336.866115176887,531.1328676185133,518.9383493894944,482.96316693723423
18010207,2009.0,797.8964647815023,508.4221121868834,378.9163202283788,552.1362536662494,597.618550607661,546.5777230738785,549.9029923934216,505.5673986365753,426.1394466406826,685.1608973266142,544.4987871012016,597.5779824214922,43.77646197361249,754.1200028078898,464.6456502132709,335.1398582547663,508.359791692637,553.8420886340484,502.80126110026595
18010207,2010.0,930.2498982692475,626.002714790801,378.0278925703841,699.2144285520611,603.511840801344,673.129010555866,538.1209112929278,514.9494764865188,404.0538234984606,752.0494446394553,510.697980051436,603.3795905181526,47.39017261158475,882.8597256576627,578.6125421792162,330.6377199587993,651.8242559404763,556.1216681897592,625.7388379442812
18010207,2011.0,1114.8577572157544,760.2887584690783,564.8561530496797,882.5712479186403,760.5640867631755,809.0464763501512,552.0834845448941,579.2144796089368,389.26956468219447,724.3930493067737,515.9711884708272,569.1015164628852,92.23517026847601,1022.6225869472784,668.0535882006023,472.62098278120374,790.3360776501643,668.3289164946996,716.8113060816752
18010207,2012.0,820.8465116698932,513.3742286353704,320.8885831456,589.7437339601604,526.0790023075091,579.8010521409796,591.7299755213734,548.7866599078884,465.52366113248286,752.2164754742683,560.3487429720635,654.5158154935934,58.809078512832784,762.0374331570605,454.5651501225376,262.0795046327672,530.9346554473276,467.2699237946763,520.9919736281468
18010207,2013.0,829.3704018714649,601.6420508924145,422.71594960809506,598.591564810501,615.7188007503,583.5024951731934,568.7164580601238,510.01534971514644,418.86451677608005,741.2851442559471,568.7943462202405,583.3880233485856,46.90300371191803,782.4673981595469,554.7390471804965,375.812945896177,551.6885610985829,568.815797038382,536.5994914612753
18010207,2014.0,538.2453320165142,381.44695851558714,317.6682919148639,436.0554711130124,468.1700355732647,485.4719869822925,597.8272689066314,555.5481181387057,433.80446838963553,779.7026962499292,587.7808635421203,637.8287917490818,38.133202130625726,500.1121298858886,343.31375638496144,279.5350897842382,397.9222689823867,430.036833442639,447.33878485166673
18010207,2015.0,794.9138920922469,636.8163244384556,457.3784875833093,685.1230353583,675.9991471604546,675.2108812210843,668.5856593195509,603.2339798237396,604.0301261696823,815.0558327592496,587.6979530667413,717.9446021734481,57.34780974736115,737.5660823448858,579.4685146910945,400.03067783594815,627.7752256109387,618.6513374130935,617.8630714737232
18010207,2016.0,1020.9314805089401,750.546908969342,496.5932250387743,804.1841039458011,793.5884758248828,771.4135117468545,643.8525219585165,603.2025845777107,469.7628381645318,888.8024065205211,565.9878647170093,685.0133156267414,68.41873786313295,952.5127426458072,682.128171106209,428.17448717564133,735.7653660826682,725.1697379617499,702.9947738837216
18010207,2018.0,714.420667524576,432.04041986104545,299.4772709169055,449.7540529238339,449.76208771707593,473.06168810935964,612.7868028419783,606.2590123346602,448.28870531670634,771.0043115710386,560.8451152103298,612.9564426212299,53.93917401762954,660.4814935069464,378.10124584341594,245.538096899276,395.8148789062044,395.82291369944636,419.1225140917301
18010207,2019.0,1092.1808843330793,731.5408320578869,471.406213454006,782.6773908431613,752.6394083775185,727.1601059832278,591.4160579555357,602.7039516703877,412.20986559886376,797.0042195158333,526.1348122129068,608.6296061143549,63.40048181289078,1028.7804025201888,668.1403502449961,408.0057316411152,719.2769090302705,689.2389265646277,663.759624170337
18010207,2020.0,599.7505892427471,349.08112962989816,298.56183538807903,397.89908148047743,356.3703159305992,432.30266515738145,593.2254895972331,580.7146273845335,425.2709782542089,786.8508272313098,527.6871180780336,667.4238391814681,42.69305544480054,557.0575337979465,306.3880741850976,255.86877994327847,355.2060260356769,313.6772604857986,389.6096097125809
18010207,2021.0,543.596831574927,332.17852802201463,295.4292635195996,386.38734805115956,344.1212202010402,410.2242504942028,579.573338367889,582.2378089049814,405.2797832495012,772.7870087045601,524.0842168234143,622.2593111384954,35.85491721488518,507.7419143600418,296.32361080712946,259.5743463047144,350.5324308362744,308.26630298615504,374.3693332793176
18010207,2022.0,711.906877754404,435.67012701938944,274.4613494357011,453.3330725268097,437.03034624852614,501.1162194180921,533.7773819228352,489.8208169659436,407.0243728843343,741.3731080884485,474.497597363082,577.3537640405959,43.4322673312399,668.4746104231642,392.2378596881495,231.02908210446122,409.90080519556983,393.5980789172863,457.68395208685223
18010207,2023.0,1106.5818335250046,713.9098139198378,407.51326096900465,686.5808486698394,702.9986635637379,739.3728101795742,564.0792514667896,555.2129108507277,411.18448017051264,749.9900588801855,488.3775564073102,613.6409484722913,48.44505091032586,1058.1367826146786,665.4647630095119,359.0682100586788,638.1357977595135,654.5536126534121,690.9277592692483
18010202,2004.0,615.5222973800327,465.81139485849707,680.2180749100867,455.6348515923055,482.98896620169535,411.1960074380838,591.8351724982012,561.1286502077983,478.2738260920017,715.6877150355828,514.0381160559593,720.5075988766158,82.19260771232142,533.3296896677112,383.6187871461757,598.0254671977654,373.44224387998406,400.7963584893739,329.0033997257624
18010202,2005.0,644.1670747234398,526.6323353155113,543.4005932767947,513.1676657623617,535.5329993637263,458.13179393161613,602.0438724708893,606.5315242977418,468.74173358695464,776.2867565024825,511.98341416896733,699.8505684557484,92.03060564004939,552.1364690833904,434.60172967546197,451.36998763674535,421.1370601223124,443.50239372367685,366.10118829156676
18010202,2006.0,851.6612017049772,711.9143915453018,800.151555186725,703.3496613033114,720.3929183094502,564.5940514436227,562.2403976812258,590.2761775347421,426.2846204414187,679.7950564811927,500.73872108473813,669.7273115550033,207.33540451975134,644.3257971852258,504.5789870255505,592.8161506669736,496.01425678356014,513.057513789699,357.25864692387137
18010202,2007.0,547.926141720211,501.6791737828919,531.6658831308484,466.74989840491037,498.4173152300875,398.00866981900333,635.3571155331903,623.3103029004675,517.3787385941117,754.3902487836681,528.5044968651669,755.7363530312027,94.92549392710998,453.00064779310105,406.7536798557819,436.7403892037385,371.8244044778004,403.49182130297754,303.08317589189335
18010202,2008.0,553.6852760496365,494.6109380014937,544.5519011455584,466.9004334491854,473.11518374077923,373.08845613987575,569.4394546001296,557.8962933452384,459.48028090668896,691.6611252796707,511.13391950898034,697.8484488670485,109.18243159826119,444.50284445137527,385.4285064032325,435.36946954729723,357.7180018509242,363.93275214251804,263.90602454161456
18010202,2009.0,608.5013944830863,504.7092982053187,473.0056924903057,483.26182399833704,475.4949939532579,403.45375111657984,600.9882853349176,572.2649077720567,510.4191505792176,695.9977928673175,536.4682914411999,706.8870550014924,74.46958166168571,534.0318128214005,430.239716543633,398.53611082862,408.7922423366513,401.0254122915722,328.98416945489413
18010202,2010.0,566.1279806121019,464.6630850209749,475.63949965260497,447.3546562792257,385.3454774745888,394.31532877806444,591.2576363817313,556.6305997221098,505.2712233060206,741.6665978029905,498.7977521946932,727.9889611007284,67.91150295626446,498.2164776558374,396.7515820647104,407.72799669634054,379.4431533229612,317.43397451832436,326.40382582179996
18010202,2011.0,794.1621278501295,651.3247826849091,655.6601978610599,639.5290420464493,592.6698101672968,470.05997554659024,572.0492674686711,593.5892953747606,474.91129052715314,715.577331743057,488.3378121569628,659.7229607270734,162.93601154192035,631.2261163082092,488.38877114298873,492.7241863191396,476.59303050452894,429.7337986253764,307.1239640046699
18010202,2012.0,565.5966996182408,480.4922775441872,399.3700145768129,460.661947443329,444.80481739785336,355.8347082976533,584.6406079295917,562.140546125826,521.1111095284222,673.6034177647964,552.3223171510309,690.4089995351495,91.13454644339802,474.46215317484274,389.3577311007892,308.2354681334148,369.527400999931,353.6702709544553,264.70016185425527
18010202,2013.0,631.0835414814381,531.067277105566,600.1052600606001,530.8088544063503,497.2539520779873,421.41800244106395,597.393678488807,546.8025249827137,495.8166835233578,712.9815872668488,553.0734352367981,691.4187314209113,76.93697064099592,554.1465708404422,454.13030646457,523.1682894196043,453.87188376535437,420.3169814369914,344.481031800068
18010202,2014.0,459.6485852555354,402.8932082674226,413.13676012791746,394.717674089448,371.8414117346403,377.4981975381557,656.8687609879927,632.0532127212291,520.2613451745246,775.8373565875979,590.9850081110466,745.8137234242017,59.80145159929819,399.84713365623725,343.09175666812445,353.33530852861924,334.9162224901498,312.0399601353421,317.69674593885753
18010202,2015.0,588.352557027927,562.3890375690321,538.1602987782552,557.9249267958668,523.928527850304,499.4782703317318,680.3053326118944,593.954633309677,573.7179119495719,820.2942105921938,606.7793570992495,772.1828373323085,73.59757223399397,514.754984793933,488.791465335038,464.5627265442612,484.3273545618728,450.33095561631,425.8806980977378
18010202,2016.0,684.4895229188375,582.7753950597136,606.349270606089,545.1412782935362,553.6939023087622,501.71591733776245,666.4828476116627,603.8445572587344,510.8389864344792,838.3412168821671,579.0245002061897,752.5882060903094,106.85195032810157,577.6375725907359,475.92344473161205,499.49732027798746,438.2893279654346,446.84195198066055,394.86396700966094
18010202,2018.0,574.1583609459298,448.4074346015061,478.257740144315,439.6092604155839,429.4501365335442,391.8995348003313,679.5137684515491,640.3561859958033,525.1877027849328,842.2528439371,585.2518984100294,738.2140346420291,77.35168251061657,496.80667843531313,371.05575209088954,400.9060576336984,362.2575779049673,352.0984540229276,314.54785228971474
18010202,2019.0,745.1738198920206,640.9627233081015,652.0114687441337,614.7438025835766,614.9892007142043,555.4933358756304,634.6640152032548,628.4349907979981,493.01757498197196,790.3163030203266,540.0683230345265,707.6927948859084,123.31724336947603,621.8565765225445,517.6454799386255,528.6942253746577,491.42655921410056,491.67195734472824,432.1760925061543
18010202,2020.0,427.8323782845966,342.2089778464427,376.92292180617625,319.99843803349,323.23846004426696,369.13223928926186,641.6760903046352,589.5960464870373,491.1020690395978,776.2464491221347,555.3155435355384,752.1594941397184,59.910320797320246,367.92205748727633,282.2986570491224,317.012601008856,260.08811723616975,263.3281392469467,309.22191849194166
18010202,2021.0,453.60923214700614,312.2554490391144,372.2222388281291,300.55452200206327,298.39034565914255,320.2137278788691,591.5447159328526,578.4805697027756,488.5620534561241,686.2975129238837,501.8293908103533,689.9800751880022,41.95065723395771,411.6585749130484,270.3047918051567,330.2715815941713,258.60386476810555,256.43968842518484,278.2630706449114
18010202,2022.0,556.2095322548541,440.421935300375,460.17389318025005,423.7282506485382,425.80212457757494,406.84629376666084,579.0890390287208,499.83555386584345,470.846249096192,747.821621079898,463.9662762821982,696.7347128301145,57.95407739536144,498.2554548594927,382.4678579050136,402.21981578488857,365.7741732531768,367.8480471822135,348.8922163712994
18010202,2023.0,719.6379381197676,577.7323534179321,609.5166425519209,568.4673365989115,551.4814756482103,479.8952656035366,564.9008862117056,566.8635463182341,443.1962644791123,660.0774935350264,464.08602271534176,660.9805621692415,120.82721241255993,598.8107257072077,456.90514100537223,488.6894301393609,447.6401241863516,430.6542632356504,359.0680531909766
18010104,2004.0,1087.285815930893,1282.0457774418626,1281.628505578647,1582.616897066727,1299.4890366188758,1222.6919281142268,812.8174900348446,743.9506178379474,625.1827070842229,930.3655686771373,891.7146380967538,780.4324347936723,712.8939826401024,374.3918332907907,569.1517948017602,568.7345229385446,869.7229144266247,586.5950539787735,509.79794547412445
18010104,2005.0,1227.9339284885755,1514.810504474956,1502.0979663589997,1779.1074641867865,1511.6340048523937,1192.378400542247,785.2544369975333,787.6126908078136,586.3788714868873,960.4742356903154,818.3719412902157,708.4581835368056,734.3732917666716,493.56063672190385,780.4372127082843,767.724674592328,1044.7341724201149,777.260713085722,458.00510877557525
18010104,2006.0,1518.8000990234782,2143.295846958799,2006.5429793238332,2411.373445251777,2013.0735679364957,1585.992622632707,738.8044680949101,732.709270285649,530.5298984455458,845.7448784022197,849.4738823600626,642.3499497608037,1389.2527553561972,129.54734366728096,754.0430916026014,617.2902239676359,1022.1206898955797,623.8208125802984,196.73986727650987
18010104,2007.0,745.3253281508742,1083.883292483045,1017.4192862237262,1050.8768389800723,1038.4157519342514,820.6093863029727,801.9426536201861,803.3101815250735,601.6842500711157,944.0669040959444,889.1463102312238,659.0284473708397,376.21966728532817,369.10566086554593,707.6636251977169,641.1996189383981,674.6571716947443,662.1960846489233,444.3897190176445
18010104,2008.0,873.180232663545,1168.060870406161,1089.1748495221184,1186.9342773276,1064.173810930061,831.4881899103427,778.9523303261777,766.3645063294072,625.1797879464058,854.9954701181107,906.8211194932327,696.0279419651235,441.79196482456746,431.3882678389776,726.2689055815936,647.3828846975508,745.1423125030327,622.3818461054935,389.6962250857753
18010104,2009.0,791.4882169105796,1020.7163065989812,891.3160856301823,1076.4989692719528,970.7391248434454,817.6532762778244,786.7355907073933,699.0483268449358,574.6938185670203,919.5684138332202,877.3267013546725,746.0090602923626,389.4341380341349,402.0540788764447,631.2821685648462,501.88194759604744,687.0648312378178,581.3049868093105,428.2191382436894
18010104,2010.0,1110.7207686166398,1538.437127086994,1318.4888959054724,1654.495562882421,1388.5725905233744,1254.6320425523988,742.4146683590996,745.7643502321912,560.8572638055662,866.6412147146943,782.0466236440952,748.2322782053034,755.3357185864271,355.3850500302127,783.101408500567,563.1531773190454,899.1598442959937,633.2368719369473,499.2963239659717
18010104,2011.0,1274.111050011392,1752.9445196194768,1609.1670576930735,1804.4422045539106,1669.3393370527851,1242.1125851972022,766.2763886676646,782.848832935317,585.0127184786473,908.0813286272331,812.2964557253255,678.602069056518,915.8645430734366,358.2465069379555,837.0799765460403,693.3025146196368,888.5776614804743,753.4747939793485,326.24804212376563
18010104,2012.0,815.1506488077987,1186.8216840795526,889.9596646141997,1203.4577220625924,1077.048437822809,869.8212520571424,822.7571475932008,762.8002416247828,665.675999554135,968.0132589447051,926.6023170336634,727.9980783332576,427.8695314449724,387.28111736282625,758.9521526345802,462.0901331692273,775.5881906176201,649.1789063778366,441.95172061216994
18010104,2013.0,909.6663864164602,1290.4464897838968,1104.7564120552659,1317.1530637609558,1203.3024689325612,995.0574112291595,805.1208565662952,748.3368074083521,682.5909162226187,880.0072166613045,936.2440410683266,721.7025264116969,478.55855245845845,431.1078339580018,811.8879373254385,626.1978595968073,838.5945113024974,724.7439164741029,516.498858770701
18010104,2014.0,568.7877490926867,804.6758079882767,727.8482515168959,961.8811363072596,705.363167314786,715.8265789640752,816.4898637183784,763.002480228899,635.9519040177477,936.7433712498719,973.0422222062771,672.8270930547638,239.6409183108929,329.14683078179377,565.0348896773837,488.20733320600294,722.2402179963667,465.72224900389307,476.18566065318225
18010104,2015.0,883.2075070030892,1141.890306998114,934.1806143922487,1298.4193507627747,1110.8398486006597,1008.8520170057985,853.9016754033746,819.3511988195381,678.1284919140421,963.7912922967602,940.9254554374359,737.1822152892896,316.30066418682406,566.9068428162651,825.58964281129,617.8799502054246,982.1186865759507,794.5391844138358,692.5513528189745
18010104,2016.0,1128.4626170802126,1629.1242775474948,1550.0017633997827,1706.7133175541585,1477.7425563162265,1334.4697034119442,872.2904003462627,862.6452326777927,650.7583673758038,1041.2472076108836,883.7265642949355,769.8803689395145,681.4469759362574,447.0156411439552,947.6773016112373,868.5547874635254,1025.2663416179012,796.295580379969,653.0227274756869
18010104,2017.0,1584.3228439734412,2138.029531255993,2071.176648444983,2211.443248976765,2024.6686406544245,1420.765445916528,800.9127686544277,866.7710778634599,575.7690901484946,897.7955972267926,861.2722885436374,629.11875165026,1275.3561310411285,308.9667129323126,862.6734002148643,795.8205174038545,936.0871179356363,749.312509613296,145.40931487539945
18010104,2018.0,745.7084502688816,1030.0282076238327,853.7610973777006,984.696681463949,953.8237278061389,755.354929940838,835.9019847717731,906.7702532895939,630.8229615971678,919.8960087760115,975.4957880899592,624.3430987441346,382.918850662085,362.78959960679657,647.109356961748,470.84224671561566,601.777830801864,570.9048771440539,372.436079278753
18010104,2019.0,1307.621021596066,1681.5417942014712,1487.173434505452,2035.3688750620138,1613.5101309344407,1439.099081092183,824.644349074848,872.4735665012385,643.090385788566,897.3645463202449,893.1696204169064,702.475040388557,789.1686841099146,518.4523374861515,892.3731100915568,698.0047503955373,1246.2001909520993,824.3414468245261,649.9303969822685
18010104,2020.0,564.7395107651936,724.0782670305886,656.9632477842416,767.6199290453941,679.9714977261381,635.9831896013565,852.9520853476629,866.7161513957819,610.9744640229216,928.8749564749346,930.4449591433653,790.9560368931105,185.03930197860967,379.7002087865839,539.0389650519788,471.92394580563194,582.5806270667845,494.9321957475284,450.94388762274684
18010104,2021.0,490.78611907908595,684.2287254957225,627.6184547521078,644.9700210331567,646.3163104812518,550.6876917897596,647.9266040764694,585.6981083158536,458.3116286041562,769.0813662062607,760.9772993377474,584.358252349726,198.65178150722238,292.13433757186357,485.57694398850015,428.96667324488556,446.31823952593436,447.6645289740294,352.03591028253726
18010104,2022.0,819.6648144225678,1070.4822558321046,1001.4706458861527,1135.1034229266577,1022.206401412535,774.8025193458146,704.9405864023842,643.4776973294167,518.1649786862738,836.8528406919293,736.7543102956031,681.933042457709,421.36258189545805,398.3022325271097,649.1196739366467,580.1080639906946,713.7408410311996,600.843819517077,353.43993745035664
18010104,2023.0,1283.0785075200422,1636.493731638205,1450.174600672244,1851.6340527844384,1549.6794591937098,1286.3330135526737,681.8558650906931,649.9220524612308,474.7705801924122,822.5206871408267,736.7012611529931,596.3396005334441,965.0362559185444,318.0422516014978,671.4574757196606,485.13834475369964,886.5977968658941,584.6432032751653,321.29675763412934
17110016,2004.0,1456.3541264485743,1350.6093382919241,1429.114515243633,1375.3670584265644,1292.7589121237788,1408.6274685186922,737.0444891829644,719.1704096113613,653.4287427154196,848.8782315974823,689.0945447878831,721.0757470072983,615.5726410410405,840.7814854075339,735.0366972508837,813.5418742025923,759.7944173855238,677.1862710827384,793.0548274776519
17110016,2005.0,1266.8203403287414,1030.396201477489,1095.0217437320855,1078.061924759334,1027.2879100031682,1158.392533974151,698.9696254873234,734.3965945036529,595.3788056183089,798.8246737561669,670.6075556854674,602.7743277214967,533.9788518555096,732.841488473232,496.41734962197944,561.0428918765758,544.0830729038245,493.30905814765873,624.4136821186415
17110016,2006.0,1517.5144827159143,1290.6859355564925,1349.3964291470954,1386.565815256277,1317.3757487883495,1522.3647839490295,739.4756144119436,664.034832884447,707.789954554464,839.3176304132413,673.8086940518672,734.0491936281146,895.0578173761587,622.4566653397554,395.62811818033373,454.3386117709368,491.5079978801183,422.31793141219083,627.3069665728708
17110016,2007.0,1618.6207897565755,1472.0187867876032,1494.8336291186606,1519.360980795499,1481.925660657385,1674.3572044890998,694.6752994427653,676.5165950030861,595.2153555256216,808.254188653596,637.6015849803487,680.98001676971,996.7435183022161,621.8772714543595,475.2752684853872,498.0901108164445,522.6174624932829,485.18214235516876,677.6136861868838
17110016,2008.0,1394.2974571291318,1152.5623367098672,1246.7811997185734,1223.3883565597762,1093.1857433377622,1284.3553504095744,635.0642307650756,631.3424530117551,542.0773282120704,731.1599339507403,608.9113165875394,584.993732446051,770.4915057898719,623.80595133926,382.0708309199954,476.2896939287015,452.8968507699043,322.6942375478903,513.8638446197026
17110016,2009.0,1415.2144001839565,1248.3958493862192,1277.4821173282253,1222.4718955297906,1134.0067987458383,1294.2996381268833,731.950246122637,709.6671162069274,623.3869326686658,868.8439854563647,644.0419063499609,756.4291566665918,659.8786484410988,755.3357517428576,588.5172009451204,617.6034688871265,562.5932470886917,474.12815030473945,634.4209896857844
17110016,2010.0,1622.2072953999168,1426.7841974862167,1321.3832769625787,1482.9665415230259,1299.855380641195,1609.4073535943126,680.0513260310373,659.4293428581409,566.3750103368296,805.7144330824963,609.2887516612489,694.0781752993987,802.7978081360418,819.409487263875,623.986389350175,518.585468826537,680.1687333869842,497.0575725051535,806.6095454582709
17110016,2011.0,1725.6134214038395,1429.2860184349638,1468.0285108076175,1502.5705086509695,1340.9849385338714,1614.2776503260993,640.3391413656718,584.4310140776549,550.3763047446063,768.2478385157965,620.7270490841871,597.8454481452213,1052.7006433912,672.9127780126396,376.585375043764,415.3278674164177,449.8698652597695,288.28429514267157,561.5770069348994
17110016,2012.0,1566.3557998920087,1305.3798096774542,1289.827663431239,1323.2386161295046,1212.5540220487171,1480.1080186853944,607.9025667207129,585.785087878886,512.1895236727357,712.1901635225126,591.3463025113241,572.5302916092537,968.2805299830812,598.0752699089275,337.099279694373,321.5471334481578,354.95808614642334,244.27349206563585,511.82748870231313
17110016,2013.0,1800.4543048585203,1580.2758756505457,1358.7666860652087,1552.5238948468195,1471.4906562487265,1605.0323417473023,674.8274800980034,590.33372509018,597.2357032811796,783.9610578535834,655.0219450848517,683.2614156016498,893.5389724288206,906.9153324296998,686.7369032217251,465.2277136363881,658.9849224179991,577.9516838199058,711.4933693184817
17110016,2014.0,1397.0093785259319,1266.4785064304374,1149.7179691580138,1239.2286835729153,1177.2472294468557,1304.675935441625,723.2146664326995,652.5916818968392,639.0193177886443,857.4293448148566,687.7507178385675,706.041667741161,1015.4947519708297,381.51462655510204,250.98375445960767,134.22321718718413,223.73393160208565,161.75247747602606,289.1811834707953
17110016,2015.0,1354.824693464296,1146.3626264656982,1019.5400029528149,1132.2049523546248,1103.2232037608094,1219.9774519156788,773.9844916324522,666.2216608207555,706.9878847525832,901.6412533593777,761.222253896477,723.0002421167621,782.1166177547447,572.7080757095512,364.24600871095356,237.4233851980702,350.08833459988,321.1065860060648,437.860834160934
17110016,2016.0,1781.033696404428,1699.1193489001848,1503.0279041375725,1582.1531695150907,1632.770087928628,1602.7312096811374,745.039649513089,643.6687971037745,675.197052056362,855.0189574544338,743.7385512344736,718.5482665648374,1040.398829287677,740.6348671167509,658.7205196125079,462.6290748498955,541.7543402274136,592.371258640951,562.3323803934603
17110016,2017.0,1870.58151680453,1636.3749403834788,1464.4782210288051,1585.7630099925198,1583.9159781347776,1706.5407803881242,734.23741235773,663.2817778577328,643.6894155565938,843.6146235955705,705.0031859794751,737.7641967208813,1062.203798936021,808.377717868509,574.1711414474578,402.2744220927841,523.5592110564987,521.7121791987565,644.3369814521031
17110016,2018.0,1543.0363665281095,1376.0920656366397,1236.5109978061225,1377.22420868837,1323.303372660831,1373.7757462267584,737.5182741759456,639.7545804279399,647.729613154055,886.8713946454543,718.6528024913354,683.6397259133204,920.7852248502516,622.251141677858,455.30684078638825,315.7257729558709,456.43898383811836,402.5181478105795,452.9905213765069
17110016,2019.0,1289.4367455030517,1122.4284899810552,887.7904768361865,1079.7495538327696,1067.1594801679544,1183.2402537740256,718.2525923336796,593.5696624229145,636.0499800799505,840.1850269635958,708.0942781086719,682.7850343572719,546.8765843591358,742.5601611439159,575.5519056219196,340.9138924770507,532.8729694736338,520.2828958088185,636.3636694148898
17110016,2021.0,1478.9167162824383,1230.1908158703031,1087.2571702666005,1264.952963404124,1203.1741242823873,1341.0618102232481,759.9546366457804,647.5191072879074,626.9225757727863,886.201716912996,738.4009289052166,782.0697407324376,717.4802205914631,761.4364956909752,512.7105952788402,369.7769496751374,547.4727428126608,485.69390369092434,623.581589631785
17110016,2022.0,1645.5242469128893,1449.237272910735,1265.926298185747,1575.3200655327175,1422.035198930616,1440.110023314061,681.9087794311173,639.6495397990194,551.8928198178465,770.3282986510218,690.5140058936602,641.271059462365,1009.6589568307292,635.8652900821601,439.5783160800059,256.2673413550178,565.6611087019884,412.3762420998867,430.45106648333183
17110016,2023.0,1254.8404759102734,1024.9586997793504,887.4514919383175,1127.926785888513,1000.0932271814512,1132.2085706206583,719.0535929058984,641.618508264934,591.9559840074802,818.682296203906,728.3091595312692,690.0745908477996,582.5796769172215,672.2607989930519,442.37902286212875,304.87181502109604,545.3471089712916,417.5135502642296,549.6288937034368
17110006,2004.0,2496.111699086569,2868.6576565187233,2595.416686050671,2473.6422690313843,2825.7281567893197,2044.9939739244192,630.9819567157532,693.2151703750469,466.9814845516715,761.7975874991378,703.368234869251,663.7137841225497,2185.7508426222457,310.3608564643233,682.9068138964777,409.66584342842566,287.8914264091387,639.9773141670742,-140.75686869782652
17110006,2005.0,1949.8402999259063,2177.4051848284757,1696.9442371589118,1883.6161064234157,2222.1964012410735,1654.2195375290717,663.3599009757862,702.1832402145773,534.2693885398871,791.8823334206334,728.6899851468378,620.834283759825,1709.2665770737244,240.57372285218176,468.13860775475104,-12.322339914812787,174.3495293496911,512.9298241673488,-55.04703954465275
17110006,2006.0,2273.712995540728,2379.3245936079766,1940.5615488585258,2267.4591155231315,2473.5020525655195,1918.3577145948816,666.8557021745935,702.9313585980716,451.1870030055784,772.229643337935,719.7157903653839,674.5429640265726,1909.7523001252766,363.9606954154514,469.5722934826998,30.809248733249113,357.7068153978548,563.7497524402428,8.605414469605101
17110006,2007.0,2692.7325320986943,2897.119872395375,2307.454901347855,2572.460049621369,3097.714562019349,2293.046155247237,620.7334921745362,658.6316561184768,492.76652434845425,762.1315330742143,711.7720032663578,634.2838915259097,2504.4070470861857,188.32548501250855,392.7128253091892,-196.95214573833084,68.05300253518303,593.3075149331636,-211.36089183894842
17110006,2008.0,2364.977532849254,2558.3852138556213,2146.1168489750867,2270.086754431535,2446.608504507281,1792.465871278462,543.558457008013,567.3336223959496,438.99407220832035,691.1877377416108,637.9424843424574,562.6220516202034,2159.852883724208,205.12464912504657,398.53233013141363,-13.736034749121195,110.23387070732755,286.75562078307325,-367.3870124457457
17110006,2009.0,2037.3223511912531,2426.0551118054177,1813.1339566888362,2145.032359270543,2382.63786997734,1761.8610734878037,649.8562660335866,666.7493434929514,556.3461742454214,798.7847547568674,734.4027725365809,654.5440111468912,1958.5532948394637,78.7690563517894,467.501816965954,-145.41933815062748,186.47906443107965,424.0845751378764,-196.69222135165992
17110006,2010.0,2409.0426968136976,2530.1135651523964,2323.6880711769727,2441.00495612835,2428.421213050167,2098.3600881161597,596.7286650325395,611.8052295440592,470.81653027524675,764.5193641143388,668.0037187910921,636.700801497128,1973.6672089969022,435.37548781679544,556.446356155494,350.0208621800705,467.33774713144743,454.7540040532647,124.6928791192573
17110006,2011.0,2590.205908891932,3024.8786034649056,2276.079618427181,2835.9938624985207,3123.012756376313,2247.653132122307,532.4272488418118,539.965280955627,453.283111845173,689.7565663997885,642.67360839,610.1779037610976,2377.3137069827962,212.89220190913574,647.5648964821094,-101.23408855561544,458.6801555157246,745.699049393517,-129.66057486048908
17110006,2012.0,2443.9133306739304,2725.69105517035,2118.1609308156108,2585.9398181443385,2862.358559140651,2017.9210029917124,540.4752072919247,580.7677889590723,437.21659610702864,693.1105386877085,659.4996471741885,547.164346463103,2340.967052181924,102.94627849200631,384.7240029884261,-222.80612136631316,244.97276596241431,521.3915069587268,-323.0460491902115
17110006,2013.0,2831.2041475492742,2940.597941253699,2245.695599504174,2892.9476884188452,3030.734753498048,2309.208214084019,629.8510462802861,629.1524875050917,556.929276496775,821.3240648584481,705.8595187064138,668.3118538325281,2354.4454958536458,476.7586516956285,586.1524454000535,-108.74989634947163,538.5021925651995,676.2892576444024,-45.23728176962676
17110006,2014.0,2339.261177849018,2729.527481512482,1995.717784449355,2419.5234899592524,2769.568841373238,1908.2303956878097,638.2997946529097,655.1676622361773,552.1086863172063,826.6944008848124,729.7552943867053,642.9994816995336,2293.811846379231,45.44933146978702,435.71563513325077,-298.0940619298763,125.71164358002116,475.7569949940065,-385.58145069142165
17110006,2015.0,2117.785211104123,2467.6710741387974,1095.608746713108,2318.8731401230552,2582.741012043766,1835.0240541262365,743.9274386560843,670.3226252659895,620.3154655064357,881.4288750006945,762.7896986562889,677.8312998885175,1873.0303125867517,244.754898517371,594.6407615520455,-777.4215658736437,445.8428275363033,709.7106994570144,-38.00625846051524
17110006,2016.0,2554.2632885778908,2946.7850101511267,1070.4876391555424,2797.21523199469,2939.0384867955913,2251.5826325244575,761.2758316480714,638.7917266082795,647.2848905726082,887.6996610935896,724.47800058414,742.245409126203,2213.4287299668845,340.8345586110066,733.3562801842426,-1142.9410908113418,583.7865020278059,725.6097568287068,38.15390255757307
17110006,2018.0,2592.6604420516524,2857.834881344523,2011.089333489687,2664.4292209130767,2858.088319037525,2049.138495532041,728.6554257256677,687.9311779977886,595.9027482511598,847.8802303302961,682.0969451346838,691.2520233031847,2274.6415010880546,318.01894096359786,583.1933802564683,-263.55216759836753,389.7877198250222,583.4468179494703,-225.5030055560138
17110006,2019.0,2027.9779875281843,2262.790161043651,1400.517322161016,1979.3107949587347,2300.7042416410295,1639.6396774944517,722.9578147047772,659.0966062929741,593.1306628550454,848.273859884657,666.8464311033179,729.2303908685038,1597.3335840437717,430.6444034844128,665.4565769998794,-196.81626188275558,381.97721091496305,703.3706575972577,42.306093450680066
17110006,2021.0,2509.628485894451,2733.6051786751464,2271.0815639221537,2404.2316383371294,2786.967831573439,1712.8992024649876,747.4251607659047,707.2340763168413,559.0337792042641,878.4163704129369,708.6211957476843,747.3945002961975,2186.322225449669,323.30626044478174,547.2829532254774,84.75933847248493,217.90941288746023,600.6456061237699,-473.42302298468144
17100309,2004.0,986.7284477849845,898.1910667040463,812.4170068058319,931.7518742194823,907.1248340019577,874.6082142915628,918.5626842728086,888.9392410170245,741.4013805151245,1003.4475541157061,930.7223634440721,919.8008167196092,239.23992172973283,747.4885260552517,658.9511449743135,573.1770850760989,692.5119524897495,667.8849122722249,635.36829256183
17100309,2005.0,1000.6963216939603,856.4639969706732,605.7514248369943,919.3974084354514,872.453742297568,857.8627032281282,903.8458585275963,940.419973204167,723.8906466483774,990.2026750481032,868.9361620339196,914.9552278144431,201.5289582638189,799.1673634301414,654.9350387068542,404.2224665731754,717.8684501716325,670.9247840337491,656.3337449643094
17100309,2006.0,1374.122984097203,1309.3907220227006,859.0555143666876,1398.936170192008,1329.1085383543636,1251.3533096032663,927.0885953564306,920.2503697042724,742.286221629468,1019.6703318168103,924.5562610249882,936.0166796542392,576.7110483101012,797.4119357871018,732.6796737125994,282.3444660565864,822.2251218819066,752.3974900442624,674.6422612931651
17100309,2007.0,963.5758975541817,906.1019313515211,615.8782667029084,1004.2112743424137,954.1982570284202,912.6339988704669,961.8459160026841,944.3014124483952,790.5284723899117,1056.5234088000627,929.980945563982,948.5248696882472,299.83373351952537,663.7421640346564,606.2681978319958,316.04453318338307,704.3775408228884,654.364523508895,612.8002653509416
17100309,2008.0,964.8898965807663,835.3201904261584,577.580197643073,932.433658142757,867.9600153440723,845.8128634907134,894.9540568083593,897.0747390987738,709.794822927247,967.9627156550379,907.0334244963854,924.8339345698729,252.16869424752167,712.7212023332446,583.1514961786368,325.41150339555134,680.2649638952353,615.7913210965506,593.6441692431916
17100309,2009.0,894.5637848668251,711.3870603210743,548.4314901671797,752.3605504117235,733.6643524210559,695.3996751222729,915.1208879904979,855.6457407947247,759.558742927838,981.7538250393645,941.8578896413966,934.9978319860433,150.33621806866665,744.2275667981585,561.0508422524076,398.095272098513,602.0243323430568,583.3281343523893,545.0634570536062
17100309,2010.0,1080.275253574683,933.7438803278704,653.7681762035859,978.191446983297,887.8457819546047,926.4339286231051,876.4827490895668,864.1970701475572,704.7902205982109,965.0029641464014,847.8040506808165,933.2420890148676,243.6247178719571,836.6505357027257,690.1191624559134,410.1434583316288,734.5667291113399,644.2210640826476,682.809210751148
17100309,2011.0,1283.8090422114715,1031.018478689155,835.776511389284,1133.3349506322202,1067.9652763568138,1003.3325236724321,861.2251155194036,801.330655194359,698.334298202413,994.8963300426441,857.6508419933231,867.918686514374,385.3200918650492,898.4889503464223,645.6983868241058,450.4564195242348,748.014858767171,682.6451844917646,618.0124318073829
17100309,2012.0,1096.797290247772,891.2337484615344,552.0653389832162,945.1391917733376,910.5271506004171,842.3711579787414,921.5948642981233,810.7969310708067,807.0596141919282,1000.2685278345404,971.778173729845,921.6070904703581,279.29287642373635,817.5044138240357,611.940872037798,272.77246255947983,665.8463153496014,631.2342741766807,563.078281555005
17100309,2013.0,1028.0305663117051,921.5789953878387,886.6878795138863,983.6147615516704,956.9463544647977,941.693854666195,950.3081882732229,820.8708917245298,831.715928109743,1014.6204218286194,1002.956706970846,954.8968993311221,254.0606798312611,773.9698864804441,667.5183155565776,632.6271996826251,729.5540817204094,702.8856746335366,687.6331748349339
17100309,2014.0,682.7398636086809,605.1481919565786,604.2530485207108,676.2457378824541,639.7600787862561,696.3585695915922,981.653426752778,901.2568019770222,855.8913243856861,1055.7341959596927,1024.8212321906044,950.1660005053435,117.27122568297865,565.4686379257022,487.8769662735999,486.9818228377321,558.9745121994755,522.4888531032775,579.0873439086134
17100309,2015.0,890.8150356812033,782.9806280167061,778.8868816951863,854.833657898845,826.7009818638319,844.4689394035806,967.2716543424742,870.8511789710118,827.9511696280903,1056.483661111457,979.1175790677026,956.5175356314624,169.44919621937171,721.3658394618316,613.5314317973343,609.4376854758145,685.3844616794732,657.2517856444603,675.0197431842089
17100309,2016.0,1155.5957962588818,1133.0060070230631,951.202950161799,1194.577937675617,1146.8364696797419,1113.4911351552032,965.126381689229,828.0876519686017,850.1316495546703,1059.4793152122477,970.8808066344907,973.2424512712066,388.4806764668941,767.1151197919878,744.525330556169,562.7222736949047,806.0972612087229,758.3557932128476,725.010458688309
17100309,2017.0,1524.091827832959,1555.2299828847351,1157.834737125288,1538.9879197724792,1573.228629034614,1305.9849516739116,891.6107309999732,842.4976940520838,733.3621621321913,950.4422316304253,901.4269119203905,920.9918213534193,740.0103717522566,784.0814560807024,815.2196111324786,417.82436537303147,798.9775480202227,833.2182572823575,565.974579921655
17100309,2018.0,799.5953945643524,712.4925884240103,562.0707905782954,731.108278615751,719.0431242315769,683.7984290776152,956.767156857765,865.7244223263627,808.9840840980785,1054.7050353863533,979.4342518605449,949.8850743685712,153.1466075423742,646.4487870219782,559.3459808816361,408.92418303592115,577.9616710733769,565.8965166892027,530.651821535241
17100309,2019.0,1148.699590019353,1056.1308157459557,742.1739997479294,1063.603843808539,1090.21478011,1038.8197248375611,915.8841817106309,854.0046638161919,781.7749243418857,997.095384287831,908.2729236316225,914.9869587913984,291.4712308098023,857.2283592095508,764.6595849361535,450.7027689381272,772.1326129987368,798.7435493001976,747.3484940277589
17100309,2020.0,745.8790661946986,602.5003698275335,459.5457927491788,630.0293333398378,611.3560458718813,610.0223452450526,943.744822935617,871.3208834724193,787.5351495484125,1022.5390901805313,974.5634003888358,958.2851394989952,104.25134848024369,641.6277177144549,498.24902134728984,355.29444426893514,525.7779848595941,507.1046973916376,505.77099676480896
17100309,2021.0,782.3492840108687,760.5094727409262,539.1271054702693,799.4677263015144,773.3557234460669,654.6561133410219,976.9140997565387,953.1314016425308,765.0702308324556,1034.5678249143289,1011.6322637748563,983.7752479168003,140.91368843921404,641.4355955716546,619.5957843017121,398.2134170310552,658.5540378623002,632.4420350068528,513.7424249018079
17100309,2022.0,879.6685822548716,819.0246068356622,562.1046419909708,830.4225255131909,837.3501799007145,737.0884142975164,886.6521778003229,833.744106953416,692.869175186542,972.0722044632352,892.8855704413081,892.6027817901953,142.45805385899354,737.210528395878,676.5665529766686,419.64658813197724,687.9644716541974,694.892126041721,594.6303604385229
17100309,2023.0,1032.7351223853814,989.4960732363936,662.7944103371899,990.5232135888233,1002.630086455009,795.7691782345452,906.8720788612465,879.5228601909341,744.2322707179165,958.915547907492,914.9242238162149,924.5152949196863,254.77676510728432,777.9583572780971,734.7193081291093,408.01764522990555,735.7464484815389,747.8533213477247,540.9924131272609
17100301,2004.0,1413.3876853151594,1541.7657993447547,1490.1725224065117,1462.577313346569,1505.4695878392704,1292.0406635205472,844.6391875262428,890.2327416137574,682.7734643579975,919.8903018816695,842.5860911095768,835.7144005442673,874.3839677282145,539.0037175869447,667.38183161654,615.7885546782971,588.1933456183544,631.0856201110557,417.65669579233275
17100301,2005.0,1187.6770378306746,1186.2430561957565,1249.5048662500578,1181.3209485011,1161.775925651431,1044.1184033445938,833.5102062997914,900.5593685898841,679.1717038377825,921.3026297408735,820.4454885318851,794.303540534369,641.2784385248392,546.3985993058355,544.9646176709173,608.2264277252187,540.0425099762607,520.4974871265919,402.8399648197545
17100301,2006.0,1637.6559612407755,1747.5488820924745,2004.8413258250198,1730.6379426761034,1734.6190339759712,1557.8327426134185,859.6665627283386,919.1385393717459,674.6076933763057,935.4561081873059,864.7883045006243,855.7783534461992,1131.5032675514135,506.1526936893619,616.0456145410611,873.3380582736064,599.13467512469,603.1157664245577,426.32947506200503
17100301,2007.0,1430.1362032863985,1472.5271253238293,1572.7852998298388,1429.6625109044107,1474.188197669474,1258.6908544665268,873.1480032525615,936.6905088528869,684.285012972155,958.8894931708273,853.2617189530025,835.5568052110383,895.3856179516273,534.7505853347714,577.1415073722021,677.3996818782116,534.2768929527834,578.8025797178467,363.3052365148996
17100301,2008.0,1522.5560555604573,1515.239586213583,1713.6117083702702,1478.2947435368535,1516.201241409777,1271.199092205628,797.6437158151678,824.9696333588505,633.3751162908015,880.9645014535841,821.9497847464455,823.1678063317902,1038.995900489941,483.5601550705161,476.2436857236417,674.6158078803292,439.2988430469124,477.2053409198357,232.20319171568687
17100301,2009.0,1337.6674518275845,1400.7078530764877,1299.9303778333165,1299.543530756884,1320.6225866177408,1145.3057982948426,827.1623773244618,866.7070595322177,647.2005015953669,896.70447668165,837.8596844537606,822.1241498199875,835.8651288584288,501.80232296915574,564.8427242180588,464.0652489748877,463.67840189845515,484.75745775931205,309.44066943641377
17100301,2010.0,1359.5179678068985,1437.2965524944918,1464.1403494740912,1400.3343238620737,1342.5638123430783,1285.5914524082884,803.9973797218732,851.1010032573347,604.9185697797059,914.90470960268,751.9384736495016,842.9683274750089,739.8726126781689,619.6453551287295,697.4239398163229,724.2677367959222,660.4617111839048,602.6911996649094,545.7188397301195
17100301,2011.0,1607.5279732907045,1777.0072944722288,1655.5633233654414,1735.6627224123777,1700.375394822798,1505.5332567663975,777.3924601373059,747.4922587470999,637.2582604081923,887.9089300336198,784.0651608486787,801.077662274851,1170.553576192125,436.97439709857946,606.4537182801035,485.00974717331644,565.1091462202526,529.821818630673,334.9796805742725
17100301,2012.0,1551.1998948679673,1609.2166633098345,1478.803143067807,1525.4690113298443,1556.3064596963209,1223.2024506319437,773.9813181583438,702.0190275999721,627.3871724702872,863.3881488113627,832.7503616281942,790.5678861223984,1027.764906042241,523.4349888257262,581.4517572675936,451.038237025566,497.7041052876033,528.54155365408,195.43754458970284
17100301,2013.0,1475.192867640767,1593.9228613123023,1454.1420170516567,1497.7491880779871,1565.11287640393,1305.473467630557,844.2733505909872,761.5742388442507,746.6793917587395,913.9920561596919,888.0247014123763,855.5194516096233,831.3658556618723,643.8270119788947,762.55700565043,622.7761613897843,666.3833324161149,733.7470207420577,474.1076119686848
17100301,2014.0,1228.1624886290356,1385.4921602061581,1155.3247476378267,1251.675307606444,1308.884363429746,1063.2973772802923,875.4486298001164,840.9518676119089,744.9744372124596,935.2392899932388,939.9730995426039,843.0414404631681,807.2943315352468,420.8681570937888,578.1978286709112,348.0304161025799,444.38097607119727,501.590031894499,256.0030457450455
17100301,2015.0,1218.465873272975,1367.6269696142658,1153.655582450984,1269.6271342832524,1295.9770743539973,1164.652778543419,911.1392501697303,857.5481262938341,796.7055383178022,978.2704481021517,947.6869378104799,850.4818562182971,751.0121640734329,467.4537091995419,616.6148055408329,402.643418377551,518.6149702098195,544.9649102805641,413.64061446998596
17100301,2016.0,1476.7166766899222,1594.0163135871053,1401.6984670484107,1593.758540758861,1559.5507343718496,1423.3915348916898,915.289383570547,800.5726668536335,790.6503515094412,975.711494164303,934.2637212640745,927.9839481781016,1000.8634600823291,475.8532166075932,593.1528535047762,400.8350069660816,592.895080676532,558.6872742895204,422.52807480936076
17100301,2017.0,1794.391347558956,1931.6362166654367,1738.9690770356865,1951.4789753023153,1894.5496755529764,1567.0505719412147,855.938117802235,830.345082327252,750.1386707679168,893.9805272223374,858.5690297121707,863.7156478420475,1237.7958466530688,556.5955009058873,693.840370012368,501.1732303826178,713.6831286492468,656.7538288999076,329.2547252881459
17100301,2018.0,1125.5144966229523,1162.5309063514605,1111.3288409928382,1104.4032370522207,1136.58980807641,915.5121165536848,906.9678664660432,845.2899219899606,759.4208983839839,1012.6253754677301,902.0290933688425,893.8826946203492,678.955038753766,446.5594578691863,483.5758675976946,432.37380223907235,425.44819829845477,457.634769322644,236.55707779991883
17100301,2019.0,1442.4046727426055,1548.1265784730138,1338.8426332384752,1481.2272436227997,1536.7087958007073,1309.0096196345805,861.5587762211655,763.730761678974,751.6068803548201,934.6902318173227,863.0781952416852,863.5982004095827,818.7240255480149,623.6806471945906,729.4025529249989,520.1186076904602,662.5032180747847,717.9847702526923,490.2855940865656
17100301,2020.0,1143.606868747627,1162.8053450803868,958.91931342741,1091.7315912865702,1169.8073179996663,932.0891885446688,883.288855416165,861.3742293669385,745.5443360143967,940.1268924995996,911.0447745157735,847.5622071385305,656.8237574389806,486.7831113086463,505.9815876414062,302.09555598842934,434.9078338475895,512.9835605606856,275.26543110568815
17100301,2021.0,1182.4134546534083,1126.885679936571,973.0068351255721,1119.924178623917,1121.9098177780581,935.7785465616178,862.1942827619434,803.6005493604288,744.2609350981668,917.924189389081,876.144725825581,877.7984783265317,633.0169368851965,549.3965177682117,493.86874305137457,339.9898982403756,486.9072417387206,488.8928808928616,302.76160967642124
17100301,2022.0,1404.0886729376148,1387.7481252397151,1143.2745234718507,1300.8389207695184,1374.713398882416,1011.6429928452058,771.9252385925594,725.3710807391877,618.826585099154,871.512640130791,785.1757261889682,747.7894487930369,811.9483016250223,592.1403713125925,575.7998236146927,331.32622184682833,488.8906191444961,562.7650972573937,199.69469122018347
17100301,2023.0,1223.6984713613333,1258.8023625973624,1066.6994185329254,1214.415963654471,1251.9462732027926,1062.7220336044772,796.7621334113176,710.4826900788396,681.5614585253812,853.4423952490215,815.9732183248759,809.8268342253281,700.0233805266997,523.6750908346335,558.7789820706626,366.6760380062255,514.3925831277711,551.9228926760927,362.69865307777746
17100103,2004.0,1411.9733162003622,1615.3134188098784,1420.7622653383394,1547.0645332452968,1595.5233588394085,1498.7922783387612,787.2739399109834,756.5745930352715,692.6784316086126,848.8619272473038,777.5514432198471,767.9953515289842,894.4984729473894,517.4748432529727,720.814945862489,526.2637923909499,652.5660602979076,701.0248858920193,604.2938053913718
17100103,2005.0,1264.5246713024437,1241.341941900713,1171.7644071186746,1208.4459480986743,1258.9056755884965,1238.7672747796455,748.3459446304537,756.8675035980099,629.2434620862632,816.2879440166851,733.8216046325352,689.5666434367538,731.7468267891634,532.7778445132803,509.5951151115496,440.0175803295113,476.699121309511,527.158848799333,507.020447990482
17100103,2006.0,1529.149831577035,1636.8552578769704,1456.4019385352335,1656.1636077921714,1643.9310474457973,1656.0661977816644,752.5726739285358,682.2356369816167,695.0353640507561,809.8988697868098,737.7194910825082,774.9050628625263,1151.2797144101205,377.8701171669144,485.5755434668499,305.12222412511284,504.88389338205076,492.65133303567666,504.78648337154385
17100103,2007.0,1572.1279545954221,1737.3779435848412,1538.8946182003513,1766.3523757712999,1791.430969164696,1797.50453551065,721.2013665867647,703.7070084739815,578.4513507770719,800.4562456240287,688.4723647376471,716.6795105816649,1259.9622331541445,312.1657214412776,477.41571043069666,278.9323850462066,506.39014261715533,531.4687360105517,537.5423023565055
17100103,2008.0,1346.5913000002483,1380.662273199822,1322.8174253475802,1410.6996615235917,1381.1283611649658,1447.670339990495,678.706647711417,662.3880880976624,586.6207617505191,732.9060662189735,661.764212953455,668.9845994256705,1077.9605252958538,268.63077470439464,302.7017479039683,244.85690005172646,332.73913622773796,303.16783586911197,369.70981469464124
17100103,2009.0,1345.1058999391753,1419.7340017324482,1296.9826182766415,1336.6490988444439,1331.2615558514199,1387.3384239534478,761.9387303245156,705.5377511065374,619.5156482659717,855.9738990879705,710.0976074953973,815.4708585596395,884.6697069417771,460.4361929973981,535.064294790671,412.31291133486434,451.97939190266686,446.5918489096427,502.66871701167065
17100103,2010.0,1631.3305623590877,1698.2977582632577,1400.128544781345,1755.6672851461929,1642.350865242444,1801.4862399645658,698.4148572810494,685.5405113693769,563.2197621284026,797.3523896066397,654.642071219732,702.0998982866868,1105.42329664245,525.9072657166378,592.8744616208076,294.70524813889494,650.2439885037428,536.9275685999938,696.0629433221158
17100103,2011.0,1662.7663144682847,1680.217162924606,1577.5853628810862,1586.8265956744963,1684.3086698122956,1728.524536590005,691.7249991134618,641.0727912412111,573.253994224274,765.1659972589196,683.1383949992527,678.6415961341357,1416.6200152838687,246.14629918441594,263.5971476407375,160.96534759721743,170.2065803906276,267.68865452842704,311.9045213061363
17100103,2012.0,1518.019209193317,1533.6426501756212,1329.6957570906022,1508.5526877778393,1505.6895011144213,1549.5643558072218,625.0905352680574,596.2418686309102,507.0075643033753,688.2086588832165,645.3596064097479,583.2470596896513,1242.1084848953567,275.9107242979603,291.53416528026446,87.58727219524565,266.4442028824827,263.5810162190648,307.4558709118652
17100103,2013.0,1763.9686073590574,1850.1468122608644,1688.5704209041216,1773.7732159791112,1836.01281434408,1715.0683680560485,713.7717560911303,650.2286802759661,610.9424251140699,791.1186987400094,692.8006632391389,750.5032886867604,1224.219810609898,539.7487967491594,625.9270016509665,464.3506102942237,549.5534053692132,611.7930037341819,490.8485574461505
17100103,2014.0,1312.205989547193,1432.8621095244634,1381.200423651569,1342.274749729669,1390.62509918103,1351.3960778537064,750.995678894597,709.3129295898583,628.0990242860928,844.870879556883,738.8491069823046,722.3299557270605,1124.154561321342,188.05142822585086,308.7075482031211,257.045862330227,218.120188408327,266.47053785968785,227.24151653236433
17100103,2015.0,1336.4481632269888,1387.256453201081,1337.0336885811698,1256.1704752078967,1394.0483197346189,1336.541910065637,809.4862085563809,707.6540402477679,715.3769748464305,902.1965309941629,827.0504770095919,760.5312636087824,897.614893202204,438.83327002478467,489.6415599988771,439.4187953789658,358.5555820056927,496.4334265324148,438.927016863433
17100103,2016.0,1766.6419983963222,1888.9589861318682,1760.3492524584844,1720.358540139799,1894.240329825526,1779.149549984003,779.0484582535223,705.0117428729383,666.9603475452259,849.0611681201076,808.7032243146663,740.3911098828283,1353.1084910341006,413.53350736222166,535.8504950977677,407.2407614243839,367.25004910569857,541.1318387914255,426.0410589499023
17100103,2017.0,1937.3845950082816,1925.8955449758716,1811.279728294691,1760.3033804999395,1916.6648123386724,1990.7078250468319,767.6333916485128,706.6804627768911,651.7186587894633,831.6781108090523,758.2525115066388,773.3999860259252,1431.9248912212427,505.45970378703896,493.97065375462904,379.3548370734484,328.37848927869686,484.7399211174298,558.7829338255892
17100103,2018.0,1478.731025033876,1608.4290054148157,1497.2791858428357,1524.096959505123,1598.8279715307237,1486.766222797944,766.0144259342569,685.1726009475198,654.6461301014383,861.8531425126974,774.6027009676999,723.098231540785,1130.37430457097,348.3567204629059,478.05470084384564,366.9048812718654,393.72265493415296,468.45366695975366,356.3919182269738
17100103,2019.0,1259.7010971063087,1381.2476612133985,1076.900331580288,1160.9488832504458,1373.9195146064262,1262.564730592143,749.3937141929761,640.1739878177536,633.5530032756346,825.2623284951985,769.8822821632706,736.0516466215239,667.6495639671034,592.0515331392054,713.5980972462952,409.25076761318456,493.2993192833424,706.2699506393228,594.9151666250395
17100103,2020.0,1491.408377897767,1568.3119709174132,1409.5357883316274,1379.1178104939752,1565.5022511552693,1242.1612131910395,730.2539741664559,653.8712238702149,593.0661146170273,785.4651395726055,787.003474549578,684.9134407181884,962.0359493965248,529.3724285012422,606.2760215208884,447.49983893510256,417.08186109745037,603.4663017587444,280.1252637945146
17100103,2021.0,1429.987859519483,1559.87086410895,1447.4782714612359,1422.3520795608626,1564.8218172103357,1480.1123800285402,797.125834059519,709.2377767104273,631.2590119678057,879.8122885491438,804.2147229708345,823.0358534997924,1049.1494637946528,380.8383957248301,510.72140031429706,398.3288076665831,373.2026157662098,515.6723534156827,430.9629162338873
17100103,2022.0,1591.6819233933018,1793.3063734425457,1644.8966507045202,1793.359573188785,1784.2587164665877,1583.0984779557423,692.7821544001582,679.0635248866033,539.592255112219,736.8485062526693,739.0173501389726,655.3201488653904,1340.6573625259546,251.0245608673472,452.6490109165912,304.2392881785657,452.7022106628303,443.6013539406332,242.44111542978771
17100103,2023.0,1262.8428186901028,1333.7546943899622,1188.6343183459437,1322.2991838054818,1318.5425857060723,1323.3519263216415,769.0151125477912,718.7028494144931,627.7942663122097,820.259065306233,799.7735059813122,737.4434142678009,769.3476050025197,493.4952136875831,564.4070893874425,419.28671334342397,552.9515788029621,549.1949807035525,554.0043213191217
17090011,2004.0,1672.4631469096541,1843.096164188053,1528.087129492764,1976.9723469897783,1803.3671802126216,1623.7496916622838,786.2885472583861,713.9975568914406,662.5616331689722,858.8885472318983,798.0978180075309,813.4345213154178,1052.5426413329483,619.9205055767059,790.5535228551047,475.5444881598159,924.42970565683,750.8245388796734,571.2070503293355
17090011,2005.0,1258.1189441117963,1289.9777313558018,1206.5092569630563,1439.9955708467025,1309.014313576699,1249.2398494207814,766.2953064239528,733.8290365075899,647.3864904633068,828.6315775472084,776.4030025833954,752.9693821513818,785.7147885381634,472.4041555736329,504.26294281763853,420.79446842489284,654.2807823085393,523.2995250385355,463.52506088261816
17090011,2006.0,1695.5817608166556,1989.7942510910207,1756.530237370583,2173.5052482133738,1933.3029275840086,1812.818883604271,797.2864021967279,737.6663655379012,664.3332590878181,884.5643127423928,785.9502691315355,861.1479865025772,1375.0667627436983,320.5149980729572,614.7274883473226,381.4634746268849,798.4384854696757,558.2361648403104,437.75212086057263
17090011,2007.0,1671.9092644836842,1917.754308884149,1618.4441331919047,2098.045817799108,1904.3231635718032,1702.078373719499,804.3231940067602,742.9334822846118,649.4324847935861,905.3918701445989,781.153085742058,834.0518685838415,1303.626759015218,368.282505468466,614.1275498689309,314.8173741766867,794.4190587838899,600.6964045565851,398.451614704281
17090011,2008.0,1769.8565035811175,2036.375416926503,1772.4151550621598,2165.2575819553826,1925.3691300180126,1651.19282881323,702.6395198305004,635.0979006865492,570.8576695038565,778.8565333698796,741.1099225165319,752.094995339583,1394.536007476143,375.32049610497484,641.8394094503601,377.87914758601704,770.7215744792398,530.8331225418699,256.65682133708725
17090011,2009.0,1646.048799115623,1771.3429921214527,1597.720664708668,1899.5591719156396,1637.7854146616824,1543.7622173887637,784.3252543410648,727.7572235659452,628.7622319291,847.2383148240833,810.6743900120073,814.3820677166394,1197.2483288672381,448.8004702483849,574.0946632542145,400.4723358414297,702.3108430484014,440.5370857944441,346.51388852152553
17090011,2010.0,1641.4973008259478,1871.8398199705384,1612.8395805624828,2034.01708290035,1735.3519068523487,1730.8453503322191,750.4598385238495,741.8784496910233,617.828817750348,852.1112636865158,699.5562105755109,776.1851197162584,1138.690291699762,502.80700912618585,733.1495282707764,474.14928886272065,895.3267912005879,596.6616151525868,592.1550586324572
17090011,2011.0,1820.2166558030024,2096.008505834455,1897.876312905547,2298.46852933044,2026.3491616613576,1856.3253778259395,707.2140420308316,687.68238605219,587.9869657567552,794.0496911801636,722.424975925684,744.6588710372549,1513.7382870366716,306.4783687663308,582.2702187977833,384.1380258688754,784.7302422937687,512.6108746246861,342.58709078926796
17090011,2012.0,1749.213653522848,2038.164331499049,1704.7258037991894,2258.5652517228173,1973.891937081403,1675.2889971943337,712.3160838197751,694.2601683221899,580.5984179862637,777.3891008613814,729.2407391951944,701.5175660941061,1525.292577361418,223.9210761614304,512.8717541376312,179.43322643777157,733.2726743613995,448.5993597199853,149.99641983291596
17090011,2013.0,1748.9314480091778,2015.6461457260907,1733.0132647304838,2177.680818384015,1978.0592489651558,1625.6916970014113,779.5477651710686,726.9857117992517,667.9097669540427,853.120827469513,781.0217435675473,807.4841356076292,1208.6803727762685,540.2510752329092,806.9657729498222,524.3328919542151,969.0004456077464,769.3788761888873,417.0113242251428
17090011,2014.0,1548.5826347343102,1792.3352092656128,1576.3808173287987,1915.4436563388754,1703.5368584212208,1451.8035876420952,847.0377342994216,813.4687828972949,734.4083782131386,914.5972263532632,834.279156159671,865.8478901882808,1289.7107080196345,258.87192671467585,502.6245012459783,286.6701093091644,625.732948319241,413.82615040158646,162.0928796224609
17090011,2015.0,1303.3528814616577,1485.6393530009552,1316.2934403357415,1621.3066100977783,1467.8686869595936,1317.843107193585,846.1857912756063,807.0190339228541,747.915572012481,887.1150825203281,900.2540665153861,800.8186460372759,908.0624082538719,395.29047320778585,577.5769447470833,408.23103208186944,713.2442018439062,559.8062787057215,409.780698939713
17090011,2016.0,1720.1054022468418,1951.5295437084376,1695.0516878566978,2110.8014469618247,1947.7580219150343,1742.5635763243854,871.7649317985391,816.7222966928355,768.8505001608894,930.7626487558964,855.9928935015781,883.7245928346846,1268.874708278695,451.2306939681468,682.6548354297427,426.17697957800283,841.9267386831297,678.8833136363393,473.68886804569036
17090011,2017.0,1995.3849308499193,2279.0569762683826,2073.0160242891934,2427.2005434320226,2228.504796686637,1931.9239611647563,832.291563142298,792.1153208384235,741.2506489497862,879.5980371373294,828.0081389375887,845.6855415387475,1606.512294347163,388.87263650275634,672.5446819212195,466.50372994203025,820.6882490848595,621.9925023394737,325.4116668175933
17090011,2018.0,1469.9364949373698,1596.0560501215268,1374.4483054592117,1701.4681197054495,1543.3202689673708,1342.3823485968453,852.6799674667891,785.4297024810231,739.9840000789526,935.1539085209665,834.6495007060892,862.3139548849333,1148.231524244401,321.70497069296874,447.82452587712584,226.2167812148105,553.2365954610483,395.08874472296964,194.1508243524442
17090011,2019.0,1542.547861057832,1636.7157685974805,1302.7887535091515,1777.3088733850482,1604.9824407958954,1530.3827211180837,815.5941728031343,762.4082971308736,734.8271166343263,869.2903354861365,792.8078048591688,822.5581725645893,986.0546194607593,556.4932415970726,650.6611491367212,316.7341340483921,791.2542539242888,618.9278213351362,544.3281016573244
17090011,2020.0,1399.7013767829376,1458.2596168422372,1233.6760824459932,1587.6157013038114,1446.9878229189949,1209.817082526116,801.5094294595883,786.2062028919465,678.537538418716,843.6538802514233,823.8504396797229,797.708146415572,930.2130579736568,469.4883188092807,528.0465588685804,303.4630244723365,657.4026433301545,516.7747649453381,279.6040245524594
17090011,2021.0,1541.2737209146871,1549.8129990831703,1326.3106677522137,1646.8312305157515,1526.9752442304873,1367.8641998473754,816.8779597072903,744.0266116769093,692.7179877811194,891.3469325733281,784.7255799202854,889.0513323958378,1056.303221645911,484.9704992687761,493.50977743725946,270.00744610630284,590.5280088698405,470.6720225845763,311.56097820146454
17090011,2022.0,1795.0929139634186,2013.2220511175374,1776.5767330120807,2161.7155880824766,1986.138275331575,1509.9039441871273,719.0465033691445,694.8408045109502,590.7445117156194,778.6885683683072,728.617116957138,718.2570474953835,1454.875635849707,340.2172781137117,558.3464152678307,321.70109716237386,706.8399522327696,531.2626394818682,55.02830833742039
17090011,2023.0,1448.3701721336563,1473.8635996033988,1210.4279491701602,1616.4992821592648,1444.4235234440212,1366.9463303543673,765.2448329390231,707.114336673221,658.5488798958252,806.3047859039849,762.1256268092009,792.8311546303366,993.0266732357645,455.3434988978918,480.8369263676343,217.40127593439567,623.4726089235003,451.3968502082565,373.91965711860286
17090010,2004.0,1244.7055318223054,1200.043908552196,1034.4016310229272,1217.602602547201,1206.9823820583215,1131.835302047602,671.8778144250557,633.8513393637872,566.6496808836166,788.356853063603,633.5467985605626,675.6027987810551,529.924834820509,714.7806970017964,670.1190737316869,504.4767962024182,687.677767726692,677.0575472378126,601.9104672270929
17090010,2005.0,1105.2958823831077,893.64490904654,877.0280671705798,930.8957553652709,933.4636059941655,932.4600993630675,647.8798933574166,631.6715994824788,530.3292661854874,755.0654100367797,603.5485613078038,672.5934581386018,368.38507178786904,736.9108105952386,525.2598372586709,508.6429953827108,562.5106835774019,565.0785342062966,564.0750275751984
17090010,2006.0,1511.5919952893134,1453.3473927449747,1304.703192405133,1466.9361564283074,1462.5130359679013,1438.1993935650864,675.2917945833918,640.0225892875699,572.8078522062679,777.5072492236209,604.3801873142429,755.8553767614818,934.9722448023858,576.6197504869277,518.3751479425889,369.7309476027472,531.9639116259217,527.5407911655154,503.2271487627005
17090010,2007.0,1338.0758173407203,1265.969373486596,1081.0757896624254,1317.2783775363823,1306.7900344660072,1283.4672096344693,656.9167051832366,625.8970332004865,537.7769775993823,802.4783706687473,574.6470688867381,696.590646561797,750.6531124367868,587.4227049039334,515.316261049809,330.42267722563867,566.6252650995955,556.1369220292204,532.8140971976824
17090010,2008.0,1212.647035214898,1222.1628076079082,1072.2269103816586,1183.817839476615,1220.919751903302,1174.5011888351082,614.6682232444253,562.4644496774135,502.7381147448828,723.8602308818166,565.1800711843555,669.8454311811486,747.8440033602759,464.8030318546222,474.3188042476322,324.3829070213827,435.97383611633904,473.0757485430262,426.6571854748324
17090010,2009.0,1149.7548800527966,988.2259557424611,847.8230692473262,995.2249740050804,986.233395822992,984.2507735698582,675.5131978138235,617.9369469365124,525.4047352723834,831.9954565223479,609.8048438282299,724.4736171780924,483.3360006535746,666.418879399222,504.8899550888865,364.4870685937516,511.8889733515058,502.89739516941734,500.9147729162835
17090010,2010.0,1539.225551514864,1387.3770556770614,1161.543217663576,1367.9360898131965,1385.9111220927277,1422.0989923244151,641.4970031228469,625.5000080244189,504.6066867656812,809.7531583935743,548.7829120040383,675.7116871744853,768.6791174073575,770.5464341075063,618.6979382697039,392.8641002562184,599.2569724058391,617.2320046853702,653.4198749170574
17090010,2011.0,1534.241090408969,1470.2007724699415,1251.7258248939202,1483.468054548259,1508.5293940483705,1456.4098713605708,600.2066292738159,559.3183181479644,481.0540717565308,716.3444932393261,558.1530370714364,621.3101652146263,1010.1998660486826,524.0412243602865,460.000906421259,241.52595884523757,473.2681884995765,498.3295279996878,446.2100053118882
17090010,2012.0,1358.3654589664,1295.1246868408637,1033.1917903680812,1303.7203828215152,1339.2019679172574,1273.5442894431887,602.7876446532418,576.4500166494072,488.2845541485542,706.8270636699323,571.1533724919271,598.2581610018533,829.5786832501225,528.7867757162775,465.54600359074135,203.61310711795895,474.1416995713926,509.623284667135,443.96560619306644
17090010,2013.0,1519.0680021703365,1392.9969304233705,1273.4321257912725,1426.059013224852,1446.3655135929007,1362.9876247901564,647.6189582548201,559.927198170582,551.0981888702596,775.4455777725791,612.0980563378221,702.1109583837085,657.7592867183339,861.3087154520026,735.2376437050367,615.6728390729386,768.2997265065179,788.6062268745668,705.2283380718225
17090010,2014.0,1130.3373882699664,1008.2626981652828,983.6615066973143,1018.0059530368472,1029.9311493335115,1026.8766125816742,713.303735714833,669.9852502163336,587.415959569625,876.0360823936285,642.861907971199,760.0668284529823,609.6606230524967,520.6767652174696,398.60207511278605,374.0008836448176,408.34532998435054,420.27052628101484,417.21598952917736
17090010,2015.0,1138.8259888847538,1095.3413220549385,1066.0014937375304,1123.8621182403188,1100.7573762650889,1119.5296174578125,723.7745833333789,674.9456551615746,601.7356945966767,837.0220736899107,711.9598662046683,733.8574905360355,560.9809482114421,577.8450406733117,534.3603738434964,505.02054552608826,562.8811700288768,539.7764280536469,558.5486692463707
17090010,2016.0,1585.2054568313208,1604.9449228896974,1511.379021667116,1596.5790571106866,1623.8637483141445,1568.425907857319,707.6540296764551,617.0867944663432,566.136097634319,843.4627217659809,690.1693756534859,716.6462298498535,987.3365432660936,597.8689135652273,617.6083796236039,524.0424784010223,609.2425138445931,636.5272050480509,581.0893645912256
17090010,2017.0,1962.250181701352,1817.228578896639,1725.8933664033927,1804.98244015659,1839.8294170295733,1764.6957905538663,700.4363389262268,613.1969817966575,592.6742461520585,825.2833644886699,665.217607834057,743.7322374929389,1194.015277716501,768.2349039848509,623.213301180138,531.8780886868916,610.9671624400889,645.8141393130722,570.6805128373652
17090010,2018.0,1244.8640417755516,1144.7013186754245,1066.7900458109539,1158.9514728951624,1156.3157104444635,1071.3975133944873,696.6101331188524,622.1691793752087,565.8676990707452,837.2731934835607,672.1050901989985,722.694478894033,673.3373157052469,571.5267260703049,471.36400297017775,393.4527301057071,485.61415718991555,482.97839473921675,398.0601976892405
17090010,2019.0,1196.0128418310483,1066.1238318245294,934.535573141934,1064.3703619855105,1087.5502531177638,1089.777450193469,681.3172045058254,583.319752769602,566.3069374371157,808.9768448142596,658.4095094846757,715.6667875467602,453.048794253698,742.9640475773501,613.0750375708313,481.48677888823596,611.3215677318125,634.5014588640657,636.728655939771
17090010,2020.0,1206.8765091857347,1035.4067337079437,956.2101635813519,1046.985750126218,1066.3816629460357,957.9181169416507,686.8644860214723,636.7468841383079,541.3421378051443,769.2724605598567,692.0973934435856,690.6068333684168,481.84349488237336,725.0330143033613,553.5632388255702,474.36666869897863,565.1422552438445,584.5381680636623,476.0746220592773
17090010,2021.0,1227.4287116004807,1144.9790481518623,1077.2416277293273,1171.9404768940724,1167.9483507209834,1113.1695118514128,710.1390230986407,636.1080371379528,551.5739638477893,824.8008869134391,700.6703350824018,749.9623194135422,622.1736848306928,605.255026769788,522.8053633211697,455.06794289863444,549.7667920633796,545.7746658902906,490.99582702072
17090010,2022.0,1375.9236943667677,1396.0176502289278,1279.16725181745,1396.1494404831544,1418.4240915360956,1183.057969647647,629.1201923363207,608.3235077248701,489.89250764252364,730.4505552642004,637.8327711686657,601.6389489443461,862.2485685061667,513.675125860601,533.769081722761,416.9186833112834,533.9008719769876,556.1755230299287,320.8094011414803
17090010,2023.0,1261.9950327510378,1241.3906756015333,1095.8512281471162,1232.7748987750826,1260.670605018402,1116.251990054529,697.6264290511664,641.8619666311321,559.36740602845,798.6002836920954,690.22300365264,705.5398097165177,677.7455381080448,584.2494946429931,563.6451374934885,418.1056900390714,555.029360667038,582.9250669103571,438.5064519464841
17090009,2004.0,1654.833255726788,1554.066142241839,1310.7384986324369,1577.80714746867,1549.8100159570317,1418.093237120261,703.9184623526985,728.5540616804474,589.4122801250255,753.692805680159,679.2818524939808,672.4373607033086,429.26124467108554,1225.5720110557024,1124.8048975707536,881.4772539613514,1148.5459027975846,1120.5487712859463,988.8319924491753
17090009,2005.0,1273.399374500444,1168.5747251219138,1002.7671090449786,1201.664980942924,1201.3390285132905,1110.8403718776078,680.5389223720695,726.3417828476349,567.9437118158021,736.5436139969177,650.0896806713761,659.2617190281188,272.50247608775436,1000.8968984126898,896.0722490341595,730.2646329572243,929.1625048551698,928.8365524255361,838.3378957898535
17090009,2006.0,1687.037863199196,1743.5069896773648,1598.8578400700385,1757.431342090085,1717.5738580553261,1654.6915092030536,713.8137765881136,737.4418408960432,551.8438448726781,811.1776763016226,647.0648900263011,759.8737758546739,582.1789439702196,1104.8589192289762,1161.3280457071453,1016.678896099819,1175.2523981198653,1135.3949140851066,1072.512565232834
17090009,2007.0,1684.7328887664041,1680.1740745704444,1437.6755358941696,1693.2727554270891,1679.480872750991,1528.5170658439524,709.5996464252677,726.9631079848061,584.0333677126368,822.5860423657075,620.8205614681349,718.1315441481614,520.570196094879,1164.162692671525,1159.6038784755654,917.1053397992905,1172.70255933221,1158.910676656112,1007.9468697490734
17090009,2008.0,1687.6469876248943,1648.967815776219,1483.0408556867317,1653.5663757308218,1638.2773830426067,1420.3024322359336,629.4528782225495,640.0260109841272,496.35373420540714,710.6873192238023,586.1243811805645,655.1033050836052,520.1287221549247,1167.5182654699697,1128.839093621294,962.912133531807,1133.437653575897,1118.1486608876821,900.1737100810088
17090009,2009.0,1580.098057839769,1321.424468098533,1237.8106187748344,1369.5477360914483,1317.857544173585,1197.963886742829,697.247694119058,708.285547255861,548.5662928530996,786.9751958814649,633.3895712135738,707.9568950067498,349.0906949948258,1231.0073628449431,972.3337731037071,888.7199237800086,1020.4570410966224,968.7668491787591,848.873191748003
17090009,2010.0,1641.805599007632,1645.6371684614676,1406.3731619550717,1702.1802567134002,1599.6519925006644,1543.573924231237,668.5640473415325,697.9464211800719,523.5306955900951,798.0856312857271,566.458224098826,693.7558790722801,447.1710426778028,1194.6345563298294,1198.466125783665,959.2021192772688,1255.0092140355976,1152.4809498228617,1096.4028815534343
17090009,2011.0,1841.5484735505895,1832.268625707879,1623.5212747912628,1907.2637088462197,1796.930469600197,1637.9750323262456,627.553898549796,567.247240786188,509.720239314818,731.9478464993293,595.7555802414992,668.9791698160079,628.318646110743,1213.2298274398465,1203.949979597136,995.20262868052,1278.9450627354768,1168.611823489454,1009.6563862155026
17090009,2012.0,1712.2419655157714,1670.761789314055,1404.840519761049,1750.303385416667,1646.3225162615704,1448.7474381528023,635.4266004401269,604.8351189037098,540.3167298554861,739.9467627533519,589.4189873303139,639.8713017655366,582.0743695879233,1130.167595927848,1088.6874197261316,822.7661501731257,1168.2290158287437,1064.2481466736472,866.6730685648788
17090009,2013.0,1763.2305856963924,1668.9889499538365,1497.9606680395782,1724.9711489303136,1702.6772211894508,1456.1059888035063,669.6607317350527,596.7479390183029,571.7172738864241,780.4517123204263,652.0431551838064,690.3986132097812,421.24097651205966,1341.9896091843327,1247.7479734417766,1076.7196915275185,1303.730172418254,1281.4362446773912,1034.8650122914466
17090009,2014.0,1473.9995312342744,1363.03001354813,1205.5794677476883,1415.0541989883202,1324.763583131694,1204.9293273124829,735.1475548438179,680.1243961061285,615.3930607284335,883.2598340791174,679.7400156080738,758.2393005263591,415.91795486925366,1058.0815763650207,947.1120586788763,789.6615128784347,999.1362441190666,908.8456282624404,789.0113724432291
17090009,2015.0,1323.6525560478512,1258.4698792038503,1138.1571574908237,1342.4711550751147,1252.8638083538092,1167.4809636986076,751.083109466322,699.7363402642806,635.0516360361656,837.6011581550646,739.6484535015173,732.6285636710468,343.3101874038807,980.3423686439705,915.1596917999696,794.8469700869429,999.1609676712338,909.5536209499284,824.1707762947268
17090009,2016.0,1755.2167201731138,1705.235641353728,1497.3221431157344,1783.289025836021,1684.532662304471,1567.6714492364044,750.5463393264245,687.5905184676457,628.0896109415141,843.3351635176359,719.9736161857147,766.7410307296657,551.396591938685,1203.8201282344287,1153.839049415043,945.9255511770494,1231.892433897336,1133.1360703657858,1016.2748572977196
17090009,2018.0,1440.0408936184601,1345.4293074681937,1194.5542661387956,1350.2454444493608,1309.3448018203885,1185.6351219287283,722.0123294282439,653.930791736218,609.3256730266386,860.7377386956982,674.7464937547091,736.3426403224569,407.45608329311835,1032.5848103253418,937.9732241750753,787.0981828456771,942.7893611562424,901.88871852727,778.1790386356098
17090009,2019.0,1496.6264801912982,1406.1158380463612,1084.0062008107686,1389.5361748531805,1392.6699172592653,1315.5771129497427,704.3342423155426,619.1662008076275,601.2272827303334,817.6954662239348,657.9425675067852,724.343417433927,308.77258786247677,1187.8538923288215,1097.3432501838845,775.2336129482918,1080.7635869907035,1083.8973293967886,1006.804525087266
17090009,2020.0,1439.1442271309563,1200.5628832368686,1020.4339812119304,1216.7773740643522,1204.7790623746973,1051.8790916825785,702.763880738273,652.4026078587775,549.1120447907062,772.2344825781154,700.5208651422297,715.9833317613818,267.18517301930007,1171.959054111656,933.3777102175686,753.2488081926303,949.5922010450521,937.5938893553972,784.6939186632785
17090009,2021.0,1503.5944457759115,1342.4220528233902,1174.3936455374933,1365.312504915841,1319.214066480169,1212.0462864090023,683.1896692080963,619.1670370338621,527.168078448522,798.0563869922022,645.0554031957917,726.7572513469602,385.4397338853652,1118.1547118905464,956.982318938025,788.9539116521282,979.8727710304757,933.774332594804,826.6065525236371
17090009,2022.0,1718.0430703295694,1681.807761490961,1561.439340906865,1695.4369752339944,1678.272445641692,1350.0161448957451,625.9138011807146,597.142064150211,469.067314746075,735.3703417208092,606.3766109435984,625.480081307999,551.5496986746306,1166.493371654939,1130.2580628163303,1009.8896422322346,1143.8872765593637,1126.7227469670613,798.4664462211146
17090009,2023.0,1428.577854589183,1268.847136249178,1096.64442543558,1359.8397616144935,1257.3391375977328,1184.5269862951964,656.642949755309,580.0116038576879,524.2095254911856,760.4658475772437,626.8440321968769,678.6500362869891,379.2458704766556,1049.3319841125274,889.6012657725223,717.3985549589244,980.5938911378379,878.0932671210771,805.2811158185407
17090004,2012.0,1757.3489151520992,2287.3295859812706,1979.7973082520487,1999.189114805234,2011.5700005939475,1632.6243073131695,740.5460205708238,705.9733531659086,620.1042213542946,812.7186814643296,837.0287250319875,728.5364548934273,1643.0903202288703,114.25859492322888,644.2392657524006,336.70698802317855,356.09879457636396,368.47968036507734,-10.46601291570061
17090004,2013.0,1713.5700985413985,2315.370373495787,1999.5366635347532,1957.6497209481781,2013.9470878899638,1643.136092208444,796.090756281204,719.722530079178,698.7125759837356,868.2727853102947,882.749587405852,782.5574195164936,1320.0945427416675,393.475555799731,995.2758307541196,679.4421207930859,637.5551782065107,693.8525451482965,323.0415494667768
17090004,2014.0,1480.9743359581857,2093.2513609548446,1713.0793515638632,1773.3786083818798,1809.0009701560623,1442.3639244651947,842.352360597712,806.085234801319,733.4837834099425,917.7108022210548,921.3031458501696,801.711834055731,1391.9638720499781,89.0104639082075,701.2874889048662,321.11547951388513,381.4147363319016,417.03709810608416,50.40005241521652
17090004,2015.0,1368.103339209554,1743.9238491761682,1529.7327736121006,1512.5624304408311,1553.7191462075189,1381.547951377049,882.6410723468982,800.7067441992078,788.7439516062443,933.4161890024959,968.4345026694,818.5223022847056,1045.7523542061153,322.3509850034386,698.1714949700528,483.980419405985,466.8100762347156,507.9667920014035,335.79559717093366
17090004,2016.0,1626.5025633980636,2145.963726923335,1729.1962334166396,1820.8241631162507,1921.2736281357118,1673.9049238637765,884.0757468273334,783.3934390798993,775.032604154137,941.803511729942,938.6147343665556,843.8438704755324,1236.9242058212726,389.57835757679106,909.0395211020625,492.2720275953671,583.8999572949781,684.3494223144394,436.980718042504
17090004,2017.0,1978.1336361704796,2685.0043242428983,2378.218075485536,2312.5380551147728,2415.5802938263664,1929.0488263828372,836.5033665410867,785.0792023299234,736.8931654978594,871.6139680611748,872.2915686165064,813.4436254819185,1582.8394425666909,395.29419360378864,1102.1648816762072,795.3786329188448,729.6986125480817,832.7408512596753,346.2093838161463
17090004,2018.0,1367.0580784832089,1776.5959155621479,1507.550728621759,1455.107878662725,1593.80780578304,1231.9196253960456,866.9153322469624,777.3176858728608,745.3948484031685,963.5402856097261,892.6949981558013,840.7906528429764,1253.8827715512666,113.17530693194225,522.7131440108814,253.6679570704923,201.2251071114584,339.9250342317735,-21.96314615522095
17090004,2019.0,1547.535215495314,1966.6338230761353,1602.6668001391545,1720.4835643367967,1762.5336637175526,1604.5065987585035,835.2023878115618,741.3181690516484,750.5504139829313,895.2639943810457,854.3058790508632,821.1097012131921,1153.640999910994,393.89421558432,812.9928231651412,449.0258002281603,566.8425644258026,608.8926638065585,450.8655988475094
17090004,2020.0,1336.8725193702567,1667.4456016111765,1334.2957804145053,1360.6781766259455,1485.8212119443783,1117.1167813923544,820.0603022234216,788.474974991629,637.5041409683796,872.1406553021678,892.2590349865785,794.1794103642158,1013.4647687875703,323.40775058268645,653.9808328236063,320.831011626935,347.21340783837525,472.3564431568082,103.65201260478418
17090004,2021.0,1428.5977366635768,1827.7280481525015,1366.147841984205,1520.3753359762193,1640.953970191186,1299.60401719912,841.0942913494181,750.2152250019249,720.6823778924497,901.2935459455068,856.8483331345683,865.7690693153528,1105.9891232445593,322.60861341901756,721.7389249079422,260.1587187396458,414.38621273166007,534.9648469466268,193.61489395456078
17090004,2022.0,1684.7443115826054,2177.69285712034,1666.308411373038,1819.1485699613077,1963.3420457160253,1372.014237928522,744.6919133788347,712.8651097234201,593.4762167053314,820.1926480453722,778.5810631926714,717.2666333039872,1409.0141438342523,275.730167748353,768.6787132860873,257.2942675387858,410.13442612705524,554.327901881773,-36.9999059057302
17090004,2023.0,1382.8865249062542,1691.6423909401549,1268.2057627975587,1442.4447883607945,1513.2722124830145,1343.92309099396,780.5031890089061,669.5272028110682,654.3027292753247,837.5921149881989,804.5758209562728,807.8537164216214,1050.1754077471746,332.71111715907955,641.4669831929804,218.03035505038397,392.26938061361983,463.0968047358399,293.74768324678524
17090002,2004.0,1543.2511436507211,1475.6573423687164,1448.092552215095,1476.8831156815058,1518.6673559607566,1343.6859072530256,875.5165993557474,889.6983333081686,747.7571287951398,921.5058977065421,855.4989318962237,842.132889042751,735.889653999045,807.3614896516762,739.7676883696715,712.2028982160502,740.9934616824607,782.7777019617115,607.7962532539805
17090002,2005.0,1284.8882354383268,1070.4645204978603,1160.800510072427,1127.441208397219,1138.090033868934,1044.6840670539555,841.3549212290123,907.569772092899,716.497819879511,907.5440274607238,811.2518875444629,787.7343203835677,498.5633661314603,786.3248693068664,571.9011543664,662.2371439409666,628.8778422657588,639.5266677374735,546.1207009224951
17090002,2006.0,1714.0261417833651,1543.301303893622,1799.6537370461506,1654.7387294133976,1669.4250237213942,1531.1229886837552,894.5704502697923,905.4712231285571,741.171915645852,969.1686585150609,848.554580959077,883.0501191192398,929.9554116665352,784.0707301168298,613.3458922270869,869.6983253796153,724.7833177468624,739.469612054859,601.16757701722
17090002,2007.0,1589.6324147911344,1354.6396458867823,1529.7404294045327,1439.2723605309998,1488.8174152318988,1336.2093145709428,877.3773903714942,899.7823964932203,719.8385387270027,963.090833952396,823.516019233319,840.5295917385013,801.8633090420893,787.769105749045,552.776336844693,727.8771203624435,637.4090514889106,686.9541061898096,534.3460055288534
17090002,2008.0,1592.1679146248746,1358.8104107285976,1546.387344461681,1439.331449257164,1458.583710896652,1261.9669804404432,823.6039856203794,801.5245601496789,672.7502491218373,893.2198187167043,804.0958842907398,838.7952867580125,834.139332687871,758.0285819370037,524.6710780407265,712.2480117738099,605.1921165692929,624.4443782087809,427.8276477525723
17090002,2009.0,1383.4990609535753,1172.191461063793,1173.756712813092,1150.2050567150438,1233.781456004818,1056.948762169744,863.999913028006,872.9269671075474,713.5322945342175,948.5202723252046,819.3214606022632,842.8435587374137,561.5166362109898,821.9824247425856,610.6748248528032,612.2400766021022,588.6884205040542,672.2648197938283,495.4321259587543
17090002,2010.0,1527.3522071841064,1395.8415631469204,1419.4520010338892,1434.1844965479715,1440.4506549821651,1343.0308148521433,789.22325395855,827.0113985392812,588.4835848067712,896.2530864940303,706.2433082927228,792.6623522910941,729.7397476843142,797.6124594997923,666.1018154626062,689.712253349575,704.4447488636573,710.7109072978508,613.291067167829
17090002,2011.0,1678.2362748232097,1501.5148281441143,1482.2695595450627,1616.1761616725707,1559.2756559604943,1419.8345331095886,795.7623297272754,731.9467718595874,660.7532647228959,922.4402118642114,753.2636749596758,805.5474067982952,981.815038804051,696.4212360191586,519.6997893400634,500.45452074101183,634.3611228685197,577.4606171564434,438.0194943055377
17090002,2012.0,1649.689521570681,1431.1746042484172,1418.0874265798248,1534.9500171830393,1507.9956877400314,1300.2955986488791,756.5349809366162,664.0605819679076,640.4407015816473,861.9699429189172,752.7988682198561,781.4729248341396,895.2075197071119,754.4820018635693,535.9670845413051,522.8799068727128,639.7424974759274,612.7881680329194,405.08807894176715
17090002,2013.0,1633.3738295764422,1439.3419769224292,1363.5910676320107,1551.0752289419654,1510.9686837871081,1324.718667457409,853.4832987735108,729.8311588462922,769.0979615449053,933.7246360879429,849.2922788724945,850.1169164617608,725.5868955289419,907.7869340475002,713.7550813934874,638.0041721030689,825.4883334130236,785.3817882581662,599.1317719284673
17090002,2014.0,1326.9844885436455,1230.5216718436454,1058.3052562641647,1274.2209620409046,1249.7637537296848,1109.288866343802,880.8105768861994,825.8923757642159,761.4983397639556,953.8388534345153,880.4635996788306,851.687150009485,681.5737494604165,645.410739083229,548.9479223832291,376.7315068037483,592.6472125804881,568.1900042692683,427.7151168833855
17090002,2015.0,1284.6568681963986,1241.8414717752282,1075.5839376373185,1247.6631727820663,1233.0653421499328,1167.4309027721727,910.2249058595319,834.1176040748168,809.2782461077142,976.1557208752191,932.0426055998367,850.9950704753286,607.0746999755411,677.5821682208575,634.7667717996873,468.50923766177743,640.5884728065251,625.9906421743916,560.3562027966316
17090002,2016.0,1549.1804540571686,1408.9957872688858,1251.683105008453,1532.0702442084348,1442.8565598546784,1372.9131520609621,895.7932984576304,763.9440568686664,780.4053382058853,973.3355713431565,912.2815860731826,884.9700907213602,795.6382828760838,753.5421711810848,613.3575043928018,456.0448221323689,736.431961332351,647.2182769785944,577.2748691848783
17090002,2017.0,1928.5105755685859,1647.1449743098003,1549.3414668613516,1781.6689800434424,1672.135814322642,1555.48576137351,862.8862586443363,796.5702943532698,764.6823974004386,945.5182049513583,861.269603424217,855.7652854128404,1017.2035755328353,911.3070000357505,629.941398776965,532.1378913285163,764.465404510607,654.9322387898068,538.2821858406746
17090002,2018.0,1229.3147849628333,1081.8731860240891,1063.541775870453,1084.7263168706602,1093.5985970560312,1018.8261836176907,883.7048333199906,810.575189154355,759.7242140154316,992.74086689471,884.2513849932242,849.9421917721817,547.4649719555761,681.8498130072574,534.408214068513,516.0768039148769,537.2613449150842,546.1336251004551,471.3612116621147
17090002,2019.0,1519.2297722584944,1428.9512747592553,1196.7840834907647,1405.2020626255683,1470.8012440102898,1314.9731681803346,857.3266430813695,735.3039411433099,763.3023787375752,941.0342561459643,848.4433162516322,847.1423134695308,660.2297902086236,858.9999820498708,768.7214845506317,536.5542932821412,744.9722724169447,810.5714538016664,654.743377971711
17090002,2020.0,1283.6459557641324,1078.6539209972855,907.527797042657,1052.483081590797,1126.3242670214293,964.1702019405767,866.1400164495222,840.4596608820171,710.3595940771329,924.1210440924406,875.5902917754806,842.0861221598818,469.3729258106771,814.2730299534554,609.2809951866084,438.15487123197994,583.1101557801198,656.951341210752,494.79727612989967
17090002,2021.0,1284.7838530688991,1080.3417843050258,854.6913834035412,1130.8535338682104,1108.2936953610424,991.443578472382,914.698622053168,847.9104847706878,774.9283025436002,970.5790698973451,932.0128809678971,916.4200826436459,535.2346097546516,749.5492433142476,545.1071745503742,319.45677364888957,595.6189241135589,573.0590856063908,456.2089687177304
17090002,2022.0,1569.8089260929444,1364.7290990524068,1002.7358472423717,1374.6018406229075,1407.6848443333706,1118.7422198097247,804.9059291222346,799.0624212895095,642.2759338132164,883.3886696000704,815.3488709819541,772.2901200866435,726.9447222746234,842.8642038183211,637.7843767777835,275.7911249677484,647.6571183482841,680.7401220587474,391.79749753510134
17090002,2023.0,1300.3177952045476,1136.4748969962648,888.7173678145123,1102.8523302293715,1168.522231687429,1021.3618949796133,870.126531145085,765.30984910564,746.4334685676171,942.0814852687027,885.2484921589279,874.1183397889438,504.98682209328547,795.3309731112619,631.4880749029793,383.7305457212268,597.8655081360861,663.5354095941435,516.3750728863278
17090001,2004.0,1574.6138877262297,1857.576934962093,1669.9516458479573,1729.9523062695039,1614.5895808286152,1384.8014420444501,860.8126994515653,893.3130641042659,691.484559321207,922.5056510431082,868.2232970593946,844.1309112511813,981.8737409208483,592.7401468053814,875.7031940412448,688.077904927109,748.0785653486556,632.715839907767,402.9277011236018
17090001,2005.0,1271.5245398608508,1318.680422395942,1295.5040155139275,1278.8044868360137,1187.7768026414205,1034.5084601943795,848.09547598626,897.5952805585734,695.9746191037734,920.0536287562085,844.1781304816949,790.8810365375227,695.9364514304455,575.5880884304054,622.7439709654966,599.5675640834819,582.8680354055682,491.84035121097514,338.57200876393415
17090001,2006.0,1738.4304747785723,1975.2714101508216,2121.9132207827474,1875.0020367796458,1764.4016793726848,1579.3872461290596,874.6172407370052,923.0597923935682,689.2932808417836,934.2474554407008,882.3848629570185,873.8978621797482,1166.3391574624115,572.0913173161606,808.9322526884099,955.5740633203357,708.6628793172341,598.0625219102733,413.0480886666478
17090001,2007.0,1598.977023425064,1771.0889217304261,1747.2174822302882,1636.3211490464578,1584.0238333653824,1333.2856980053514,886.9359185406479,939.1201187639282,707.8329453083716,955.99815414624,872.963537633215,847.7921151058359,1128.159363261762,470.8176601633018,642.929558468664,619.0581189685258,508.16178578469567,455.86447010362025,205.1263347435893
17090001,2008.0,1668.3238177414464,1913.7008903771955,1878.583243827111,1721.9154595124908,1671.6785523546296,1333.6345126399574,800.6920818448287,836.177379775752,639.8517550674917,852.1266589187101,854.726468024289,819.5757528910208,1068.0322339694815,600.2915837719651,845.6686564077141,810.5510098576294,653.8832255430093,603.6463183851481,265.60227867047604
17090001,2009.0,1460.8230241955698,1620.7644849155636,1484.5265169631846,1445.5043989350074,1393.0454130757237,1154.730495156134,854.974352047132,880.9878034268891,676.2872429993758,912.6376644485389,866.1651579993559,841.5643669034154,1007.3730061878883,453.45001800768154,613.3914787276752,477.15351077529624,438.1313927471189,385.6724068878352,147.35748896824572
17090001,2010.0,1492.783923993658,1691.8251716909156,1661.7561677932222,1617.3804065414852,1463.4353819266698,1360.2603589035061,815.9042029591689,870.2057799140215,621.0360496278889,920.8139776086566,774.8830178874402,827.3443964811019,970.6720311653273,522.1118928283306,721.1531405255882,691.0841366278948,646.7083753761576,492.7633507613424,389.58832773817863
17090001,2011.0,1734.2106594258914,2042.0765358747244,1808.9234321538854,1940.1191531497548,1772.190063409951,1534.1036333859436,788.8438133257207,757.5005340805657,650.5811631975382,888.5838163298091,809.5448679108537,806.8903812511696,1240.9020496660332,493.3086097598582,801.1744862086912,568.0213824878523,699.2171034837215,531.2880137439179,293.2015837199105
17090001,2012.0,1678.8269168664472,1874.0609292165386,1689.5433681855948,1784.2930810039522,1633.796306896802,1355.4732827094142,779.6759488909507,725.8483300167102,638.0015123172599,866.8409063015827,852.065778375748,775.4302214878397,1202.5978688055443,476.2290480609028,671.4630604109942,486.94549938005025,581.6952121984077,431.1984380912576,152.87541390386966
17090001,2013.0,1629.1226689051894,1919.3573244215631,1688.6956260189916,1825.4822989716572,1657.8814199539252,1405.3312738560157,850.569553855227,764.7112159449733,756.1009080885926,908.0836932150638,898.0891564783589,847.4878112150155,1017.2341041651421,611.8885647400473,902.1232202564211,671.4615218538495,808.2481948065151,640.647315788783,388.09716969087367
17090001,2014.0,1407.7619047206015,1697.8841834893053,1441.5009130047456,1557.5863431145197,1439.328066452187,1189.4649852843372,882.2495118910177,844.1536774310258,753.8082953377956,949.4132809791265,935.865577691265,848.3188145523623,1083.1175716599823,324.64433306061915,614.7666118293229,358.3833413447632,474.46877145453726,356.2104947922046,106.34741362435497
17090001,2015.0,1339.3080473888347,1477.4508055165636,1328.9033360305398,1459.7210380784695,1292.1086655029565,1239.6958027449061,915.629316030482,862.650445229463,804.5900717608214,974.7280830487991,965.4671078927865,862.2688221395405,894.782347923421,444.52569946541365,582.6684575931426,434.1209881071188,564.9386901550486,397.32631757953544,344.9134548214851
17090001,2016.0,1570.2571030900303,1760.598538494959,1496.7920818920627,1716.4759129541596,1528.021427539622,1437.1744228125538,921.8563614499003,808.0308400547804,809.8758901908458,989.501420340765,955.1233000098084,907.9642681971031,1057.369533073264,512.8875700167666,703.2290054216953,439.422548818799,659.1063798808958,470.6518944663582,379.8048897392899
17090001,2017.0,1924.9605585301076,2138.3534017629863,1921.0225966208463,2086.3507497974606,1884.1618960046865,1592.5924791921134,866.2009701575491,832.2614754086565,755.6469256155879,900.214021132368,879.8578097708046,870.5049598388807,1243.5625421125942,681.3980164175133,894.7908596503922,677.4600545082523,842.7882076848665,640.5993538920922,349.02993707951913
17090001,2018.0,1273.5170950795452,1327.8671244383304,1251.4605667828862,1261.694150175963,1172.5532806151373,1007.9612985587405,913.7645794455499,854.5462691072228,775.315889874113,1014.1623813493931,920.3765545241263,887.3243760001851,809.6396792634748,463.87741581607054,518.2274451748555,441.8208875194115,452.05447091248806,362.9136013516625,198.32161929526563
17090001,2019.0,1537.0682273282891,1684.8211406940682,1405.7851295659325,1620.70780229266,1478.0365160691258,1326.8597470205893,874.5627463510027,791.4189016837183,779.2962115003203,943.0297463513646,884.3623505591963,865.4716476804259,874.7146334693601,662.3535938589291,810.106507224708,531.0704960965724,745.9931688232998,603.3218825997657,452.14511355122926
17090001,2020.0,1283.3465099935356,1414.1950347877992,1199.0159073808595,1276.0582760096963,1232.9473475224495,945.938396284725,879.3910132396877,857.3211252150642,710.9297168059974,939.3280867372767,920.501342822705,844.573772068926,706.0117708774224,577.3347391161134,708.1832639103768,493.0041365034372,570.046505132274,526.9355766450273,239.9266254073026
17090001,2021.0,1327.509777403303,1419.5657847268421,1151.8805221073774,1351.0275942450962,1250.8750579462437,986.1304533010127,937.9864219832664,899.9686957034617,821.2990504373522,976.3491437045375,963.4609215461443,937.9626315061006,762.358927784589,565.1508496187138,657.206856942253,389.52159432278825,588.6686664605071,488.5161301616546,223.77152551642362
17090001,2022.0,1593.8043415379814,1714.6221693001814,1407.9159320432625,1645.2926571716075,1532.6432460567344,1073.2324386211903,813.4081435815347,830.7576742089548,674.2763985320357,875.1113430447404,845.9962315142719,768.8842479653996,980.8993787521077,612.9049627858737,733.7227905480737,427.01655329115493,664.3932784194999,551.7438673046267,92.33305986908273
17090001,2023.0,1325.8373593877266,1398.0631365720988,1140.604489332736,1344.2457545769605,1228.294428474819,1079.0989211109818,823.3736152198247,769.1272680811418,707.0287447912657,866.7108011298869,836.3393432228225,835.1995380732559,840.1489627740391,485.6883966136875,557.9141737980597,300.4555265586969,504.0967918029215,388.14546570077994,238.9499583369428
17080004,2004.0,1853.8118512329684,1977.0499161019568,2029.830327467433,2235.6964957163573,1964.3518206614522,1749.0447934623367,688.924757604087,649.1841081584603,595.3503225582111,779.7628418215971,755.0035665742873,690.1556320479873,1329.1291978975282,524.68265333544,647.9207182044286,700.701129569905,906.5672978188292,635.2226227639238,419.9155955648084
17080004,2005.0,1417.2141028085878,1388.530105472653,1505.7880514998608,1743.5115738089785,1483.0039973305818,1347.3977393180505,688.9354420375298,652.3776518814594,604.6129213260978,750.5978021817621,742.5923671082294,641.0522237180085,1073.3581410043134,343.8559618042742,315.1719644683395,432.42991049554735,670.1534328046649,409.64585632626836,274.03959831373703
17080004,2006.0,1852.9520944528838,1932.644265004078,2022.5246798598964,2267.6429788217392,1993.1975244906973,1824.4377268122637,744.5470932728828,662.5708843193349,662.0874316999162,825.1886400529409,790.6679597974113,753.2066994083411,1527.994161514345,324.9579329385389,404.6501034897331,494.53051834555146,739.6488173073941,465.2033629763523,296.44356529791867
17080004,2007.0,1934.791733051032,2034.1073935396614,2114.5960770649585,2392.9384947333833,2107.158623389866,2067.265180725681,722.7740691495575,652.2789830075487,657.1655878333347,807.841186282018,768.0629687589305,721.9178137063576,1678.7090203330206,256.08271271801135,355.39837320664077,435.88705673193795,714.2294744003626,428.44960305684526,388.5561603926604
17080004,2008.0,1942.3975869968751,2033.0094675572743,2009.9841539302822,2305.5747178208776,1953.916607428404,1764.9812829488883,636.4242136655008,595.1373853154493,579.3842834124423,703.5070123475019,732.7629018228993,655.1464094567182,1518.721272106245,423.67631489063024,514.2881954510293,491.26288182403715,786.8534457146325,435.19533532215894,246.26001084264323
17080004,2009.0,1789.4915557136862,1812.226124633984,1752.5521627403823,2164.210152722335,1813.9338592522981,1656.648614426824,704.6631400211958,673.4507802430322,643.2255167508364,750.1951041877074,788.5408618563746,719.1412251265082,1429.4604976329638,360.0310580807223,382.76562700102016,323.0916651074184,734.7496550893709,384.47336161933447,227.18811679386022
17080004,2010.0,1903.5734083323146,1855.7856199374194,1837.722628062705,2312.917148099218,1755.2889242019523,1855.5761621295276,677.0415646799655,645.3482935829516,576.1808884333126,766.3643779647986,751.8248588387044,721.1500396507543,1413.7774838595865,489.7959244727281,442.00813607783294,423.94514420311856,899.1396642396319,341.5114403423659,441.79867826994115
17080004,2011.0,2102.4048441154823,2108.54228348246,2217.990041039297,2603.136452470933,2083.8461982147983,1945.9139663747221,642.8730406326202,646.2313394206853,567.0814244622524,737.3472821297023,725.5096776489985,684.0192596449385,1910.1267644335592,192.27807968192297,198.4155190489005,307.863276605738,693.0096880373738,173.71943378123933,35.78720194116301
17080004,2012.0,2021.9315451635384,1965.4311750328245,1990.028701785538,2301.9275640842106,1939.4335174366663,1760.250662378944,633.9018729936876,642.3814131724073,583.1741376115652,693.0598487801066,739.4456323663469,599.6397548641796,1717.5724148425845,304.3591303209539,247.85876019023982,272.45628694295345,584.3551492416263,221.86110259408176,42.67824753635943
17080004,2013.0,2215.6515096402486,2120.6237175157767,2005.8690228621886,2549.2202067382145,2075.27616602992,1870.863717242456,725.6068442739302,700.4366014978339,671.9634598578039,809.4107164681042,790.8986855290173,735.1885267061759,1574.7474359922676,640.904073647981,545.8762815235093,431.121586869921,974.472770745947,500.5287300376526,296.1162812501884
17080004,2014.0,1875.3967041253877,1846.3101445262869,1862.5424788365717,2247.9050534909907,1785.2371119154004,1520.6444207581728,791.1529790403418,765.439302126838,755.2953116434039,861.5695477727776,869.3836887245218,762.5105487123765,1708.1603952376818,167.23630888770572,138.14974928860505,154.38208359888986,539.7446582533089,77.07671667771851,-187.51597447950894
17080004,2015.0,1613.4747378633017,1719.4704645294642,1592.0695694547817,2105.9097636907486,1679.2271901572053,1567.7765444492172,800.7874327826064,778.0179881315363,736.3804275949923,836.6568853021336,877.3755802802987,723.2100099636556,1471.0908324140426,142.38390544925912,248.3796321154215,120.97873704073913,634.8189312767059,208.13635774316262,96.68571203517472
17080004,2016.0,2130.7454373858595,2333.8598981387318,2182.889643284422,2726.61494462077,2329.6625366450153,2082.220361382287,836.3333691202045,775.1916484246908,758.7522787712635,894.6707288631311,832.3515109686152,824.1726634932444,1910.3543482654154,220.39108912044418,423.50554987331634,272.535295019007,816.2605963553548,419.3081883796002,171.8660131168718
17080004,2018.0,1943.5139997772742,1912.0825630337547,1756.6621039529366,2254.7527348777344,1927.5486178346102,1563.3147534549798,816.4147320880273,772.2733990456205,745.7904935699378,860.0407424436445,840.124487563403,769.0191341470911,1732.5266075188033,210.9873922584709,179.5559555149515,24.13549643413331,522.2261273589313,195.02201031580697,-169.21185406382352
17080004,2019.0,1653.9199828736337,1640.2359866771544,1389.3768600442365,1927.1076230967647,1643.005032941658,1604.1601912746414,804.3154636441997,736.4365762380414,737.7425487644953,866.7376115778154,788.3266466387485,770.686581038688,1164.3760100822496,489.5439727913841,475.85997659490494,225.00084996198697,762.731613014515,478.62902285940856,439.7841811923919
17080004,2021.0,1883.7078202516893,1759.8339214338043,1785.4816818617871,2082.9955108331696,1785.3946785921842,1508.7095633492181,844.7534038834294,831.3197707204888,731.8994934470038,886.5842192435138,836.2558019381736,832.34017949136,1623.078133628643,260.6296866230463,136.75578780516142,162.4035482331443,459.9173772045266,162.31654496354116,-114.3685702794248
17080004,2022.0,2051.424220494447,2173.6476004133024,2089.0481410896564,2504.3876638063603,2187.9196689681207,1677.8169835302658,734.0251124722455,707.0603840812984,640.3400446761692,741.6919038297175,827.5689634392303,684.1574194133946,2000.7106578645144,50.71356262993257,172.93694254878784,88.33748322514191,503.67700594184595,187.20901110360617,-322.89367433424866
17080004,2023.0,1602.9585310556988,1640.6895683451476,1443.2096260248516,1954.9113749986363,1629.4555543212052,1486.8806759013148,784.8060733664809,773.1479552793635,709.8153454535624,790.136206023371,827.5609086674531,759.1510503073501,1122.2665514446314,480.6919796110673,518.4230169005161,320.94307458022024,832.6448235540048,507.1890028765739,364.61412445668344
17080002,2004.0,2082.4150046190675,2544.3473725613503,1920.376556041549,2332.1872362217823,2722.683770573031,1833.642327567956,730.0904894118852,716.2623972699391,660.4509807328766,768.3137391813094,787.8701336632968,697.0224177725834,1345.4542025626138,736.960802056454,1198.8931699987365,574.9223534789353,986.7330336591687,1377.229568010417,488.1881250053424
17080002,2005.0,1598.1249981377332,1968.6967196519554,1743.6374027844574,1822.0496141320687,2142.8401444924657,1447.6102494991792,722.7325091602228,715.3264279784042,618.711015239484,761.7003485965053,767.8807101167164,677.1927713554351,1208.708514695818,389.4164834419152,759.9882049561375,534.9288880886394,613.3410994362506,934.1316297966476,238.90173480336125
17080002,2006.0,2145.492985294999,2575.827141780745,2342.1832077795975,2495.679744215672,2825.719021051718,2025.0720248314917,792.6293019789424,710.8793144578065,777.3447118192167,854.7451162595017,795.3806374671112,811.078324685055,1517.1236313338434,628.3693539611558,1058.7035104469016,825.0595764457543,978.5561128818288,1308.5953897178745,507.9483934976483
17080002,2007.0,2193.9097862194226,2516.818134075212,2195.1116420074704,2509.717960007732,2948.061903100675,1999.3970217702251,768.038502300352,727.1536104721429,668.5596243857116,836.088046809972,760.3874537077124,763.3914593613626,1580.0475084834907,613.8622777359321,936.7706255917215,615.0641335239795,929.6704515242412,1368.014394617184,419.3495132867345
17080002,2008.0,2172.6173495645285,2408.0877897794767,2209.921996184924,2464.1016695550265,2656.7156917404377,1843.3843709313476,660.0748949373892,634.7615189796874,558.0365213258456,715.3640593407392,712.549549506354,688.8928220684966,1572.584402162512,600.0329474020161,835.5033876169643,637.337594022412,891.5172673925142,1084.1312895779256,270.7999687688354
17080002,2009.0,1987.7065459038238,2022.1987624402573,1811.2542752728293,1950.8906127507566,2266.7022390193756,1655.2402295617308,761.3902769922682,725.4675661950571,668.2709100414822,806.154695094286,780.2187807059321,791.3074188664356,1339.9422939183248,647.764251985499,682.2564685219326,471.3119813545046,610.9483188324319,926.7599451010508,315.29793564340605
17080002,2010.0,2164.208579689746,2412.360435398199,2089.538231010217,2414.4068304127554,2493.3977916788367,2060.631599420754,691.5292689793146,682.3541898225931,578.8417499128631,789.4838578588206,702.9994561378298,698.8308918516082,1412.6581262288703,751.5504534608756,999.7023091693289,676.8801047813465,1001.748704183885,1080.7396654499664,647.9734731918838
17080002,2011.0,2385.647823292935,2734.7018112534324,2400.6994288896763,2724.2005732981265,2866.1971053807342,2281.570403777746,670.263099056075,629.0343053113804,595.3023019736139,736.8703462610996,699.9720922371234,703.371328705857,1876.962248031719,508.685575261216,857.7395632217134,523.737180857957,847.2383252664073,989.2348573490151,404.60815574602685
17080002,2012.0,2227.563506041616,2520.142632937913,2175.5814846988637,2466.7426984444464,2666.1317779553024,1998.4737046877285,673.5919589057178,677.4480062806882,607.0437282411499,715.5851489676047,754.2235098475727,648.3950953601963,1746.6393274481463,480.92417859346966,773.5033054897666,428.94215725071734,720.1033709963001,919.4924505071559,251.83437723958224
17080002,2013.0,2467.0873368955545,2696.747703876673,2398.3895357250517,2641.009243815642,2841.035122281726,2184.889540100899,760.5878600795112,704.0434623335018,692.5119603795652,818.9625914157064,779.5012051753213,795.0281508597033,1547.2727825317238,919.8145543638304,1149.4749213449488,851.1167531933276,1093.736461283918,1293.7623397500024,637.616757569175
17080002,2014.0,2002.2053002475363,2252.0580338569234,1932.5712352233907,2219.6899842471375,2345.964373093822,1795.6965883743032,828.2738296872371,783.897802276862,763.2113169258564,885.8406583652495,829.333036596406,837.6028045197089,1580.326251008732,421.8790492388044,671.7317828481912,352.2449842146586,639.3637332384056,765.6381220850899,215.37033736557117
17080002,2015.0,1760.9901715943283,2088.6999826064316,1875.9299809311703,2098.3236728197016,2210.9982396716186,1749.0895462447684,826.0281464399123,797.208054451508,765.7416793182505,841.6718799645246,888.601182795125,773.3772175124441,1355.5680603816938,405.4221112126343,733.1319222247377,520.3619205494765,742.7556124380076,855.4301792899247,393.5214858630744
17080002,2016.0,2394.348741816928,2802.42828643891,2349.713413762948,2724.387633667766,3024.0708626498176,2317.946910766131,854.1745334571868,786.3435580367772,747.3369458845752,920.986170001097,848.6853879651328,858.893555240656,1700.7583077934178,693.5904340235099,1101.6699786454924,648.9551059695303,1023.6293258743477,1323.3125548564,617.1886029727133
17080002,2018.0,2139.1706599351173,2372.922556468298,1941.0526770231115,2256.4159842887516,2585.63876046519,1752.9866283553622,819.9061447801195,762.4616131141232,741.2307665593646,867.366145996177,834.0171668793369,805.9308879585778,1668.1391381541243,471.0315217809932,704.7834183141737,272.91353886898713,588.2768461346272,917.4996223110658,84.84749020123789
17080002,2019.0,1792.5106890353595,1995.8969791391874,1600.9449943920476,1969.2942684282305,2182.5600564972856,1730.009069967932,809.7923823273929,743.0960220603195,738.25362467642,859.6220228794175,805.4764575710221,795.143331986175,1068.4111075557857,724.0995814795739,927.4858715834016,532.5338868362618,900.8831608724447,1114.1489489414998,661.5979624121462
17080002,2020.0,1985.4602036607523,2352.595308594625,2030.9098157069152,2175.597720768272,2576.004398818419,1551.2111946331427,762.1123300000547,744.5938253321622,639.9172871840973,784.5200365166567,848.0698110967353,715.5351447409336,1424.1495116243045,561.3106920364478,928.4457969703205,606.7603040826107,751.4482091439675,1151.8548871941143,127.06168300883812
17080002,2021.0,2034.230852586516,2224.0969691926753,2012.0396931281825,2133.0571487588327,2458.9111877185237,1636.509522323611,837.0248203063809,795.2778004728972,706.4790699623545,866.9398108836388,848.8024794098911,852.8744580439653,1388.3086178948827,645.9222346916333,835.7883512977926,623.7310752332999,744.7485308639498,1070.602569823641,248.20090442872828
17080002,2022.0,2291.793350213868,2789.004820245259,2546.617034739996,2645.945203431398,3042.119736382004,1891.8766920528685,734.7043044459381,718.4254462380582,616.3870006803322,750.222892157402,815.3293203774163,690.7906624650115,1774.3760070485346,517.4173431653338,1014.6288131967244,772.2410276914615,871.5691963828637,1267.7437293334692,117.50068500433406
17080002,2023.0,1823.7064858726085,2187.933209098386,1775.224088674618,2147.042199312968,2376.9579900937033,1710.0524648702155,785.3299493624787,781.7637839982841,712.5509474460644,769.2300653518317,853.8516753463244,753.3134277376489,1326.544669318014,497.16181655459445,861.3885397803724,448.67941935660417,820.497529994954,1050.4133207756895,383.50779555220146
17070204,2004.0,519.3760442771513,407.1658521015551,523.6865812077062,380.30749684607775,396.81643103683393,412.97056663166984,376.9613525909424,373.1078029919269,244.45372099102863,601.2374228971171,324.7907864034475,390.0807169523835,224.6629293286169,294.71311494853444,182.50292277293818,299.0236518790893,155.64456751746084,172.153501708217,188.3076373030529
17070204,2005.0,452.8451254146342,290.29616050016693,389.96462741838565,272.04219258587045,288.40936261055515,326.4842327561345,375.03196157963293,386.71757934369725,267.0347998988282,560.4454922105416,320.1553996725312,381.9305204843792,141.94448038927806,310.90064502535614,148.35168011088885,248.0201470291076,130.09771219659237,146.46488222127707,184.53975236685645
17070204,2006.0,566.2815563600427,447.87600982025344,478.6864358000339,417.6885177998638,440.89806952303843,470.7913416798218,373.2888032339108,384.55946436364036,245.3092893412489,517.7029783012258,331.4464502911211,414.7340223727965,308.9812385983219,257.30031776172086,138.8947712219315,169.70519720171197,108.70727920154191,131.91683092471655,161.8101030814999
17070204,2007.0,474.6574961864941,336.2884135345446,375.6206450249525,322.95230193094693,327.115404977976,356.8155139912295,379.81038903370654,368.4159540460112,273.9375192587099,571.2889478780228,344.99712470018244,390.721375774639,156.6318162067154,318.0256799797787,179.65659732782916,218.9888288182371,166.32048572423147,170.48358877126063,200.1836977845141
17070204,2008.0,496.5107511855391,314.194129473931,366.0263814778704,283.0706378477962,306.82164605012895,326.7883108363427,337.49399612467585,301.2988500414057,230.74745160963445,525.1351535274017,322.6281064868155,369.68243445930335,263.05483737493176,233.45591381060737,51.13929209899927,102.97154410293868,20.015800472864463,43.766808675197176,63.733473461410945
17070204,2009.0,447.4324191211637,268.2503328798578,354.87105237581073,252.48289048334664,271.25272878795244,297.8182836681228,318.82085686048157,304.18778357721845,232.01454504180668,484.609507846859,316.22819319718394,314.39302262113443,204.14463809371742,243.28778102744633,64.10569478614038,150.72641428209334,48.33825238962922,67.10809069423505,93.67364557440536
17070204,2010.0,513.3511732578254,419.74973140262415,412.8387942599238,395.60067884423535,384.3724228491952,424.5699703650049,387.6140561348116,414.6805346094589,270.4151979754722,612.3814739167541,323.71872761033006,366.77500115940825,187.58936859297654,325.76180466484885,232.1603628096476,225.24942566694722,208.0113102512588,196.78305425621863,236.98060177202834
17070204,2011.0,593.4282460829953,409.26642978982073,406.7534067556584,384.00552761297695,399.6534976000649,401.241588466442,374.55985293092647,422.77038053592855,236.60519626948673,587.3002968424444,315.6349804890046,357.93090254023843,457.7571495975937,135.67109648540156,-48.49071980777296,-51.00374284193532,-73.75162198461676,-58.103651997528814,-56.51556113115172
17070204,2012.0,500.61033013836357,314.46902323596373,320.46628273383357,303.0455241154454,311.05705831697327,322.1677328900894,362.112778515299,390.62603395537155,254.8227089731759,581.1627693721728,300.0314531432256,354.9654426518952,190.31582098871988,310.29450914964366,124.15320224724383,130.1504617451137,112.72970312672552,120.74123732825336,131.8519119013695
17070204,2013.0,501.4393804609254,362.5920908506852,453.76049143702767,341.4812892306069,384.2930869416931,353.56765472903845,349.4974717836067,356.028127299697,231.86654398959652,584.8943626182011,322.06665344077516,336.5795454674316,147.51909216295664,353.9202882979688,215.07299868772856,306.2413992740711,193.96219706765027,236.7739947787365,206.0485625660818
17070204,2014.0,429.2907800201217,295.79776281593314,385.70076108628984,304.3915214557741,309.31171492303645,331.5199583211821,407.8829636078587,432.8955153234245,284.9936210701674,611.3148133673972,358.5869604350852,402.884498586459,194.25238337895613,235.03839664116558,101.54537943697704,191.4483777073337,110.13913807681801,115.0593315440803,137.26757494222602
17070204,2015.0,393.5268519626348,267.9291359969206,327.8528947514841,256.41527047956004,275.2296443380391,327.30172979224733,356.5881156349986,388.88971216657757,234.48010679518066,531.819795977418,332.1253131376595,339.32673668032265,151.7038683985604,241.8229835640744,116.2252675983602,176.1490263529237,104.71140208099963,123.52577593947872,175.59786139368694
17070204,2016.0,506.54919256132416,329.91395510534676,397.41985902385915,319.4031583141579,322.71338547312416,374.4850898446715,371.1236929937673,389.09491486530527,261.08102163563933,560.6565632461013,336.7983893263491,348.6523135211189,198.43127976035493,308.11791280096924,131.48267534499183,198.98857926350422,120.97187855380302,124.28210571276924,176.0538100843166
17070204,2017.0,630.4426746862557,357.51420315640144,397.97541568856684,370.6088982138696,365.4748367402305,422.96421213660346,373.50997132265377,435.6078630322736,227.80676462392321,558.7835988057842,345.3566805831699,332.84035429382027,334.9378249869641,295.50484969929164,22.576378169437383,63.037590701602795,35.67107322690556,30.537011753266416,88.02638714963942
17070204,2018.0,431.6371872519466,264.93428135957635,296.0408307410426,265.5900553483787,265.89964464849845,306.30243146269765,375.12932709137294,419.58150978882475,238.26145359636615,634.0938722715917,326.0627477552887,339.2866473897503,139.66678986617637,291.97039738577024,125.26749149339999,156.3740408748662,125.92326548220234,126.2328547823221,166.63564159652125
17070204,2019.0,596.2398931196318,438.70379280385964,393.43451785490123,415.79964315849173,439.2727287106521,441.1410640048426,354.2637345254506,370.7859788211043,238.62654558354552,564.9195433921028,316.78422577071217,313.3348253054238,300.3531225383759,295.886770581256,138.35067026548379,93.08139531652536,115.44652062011588,138.9196061722762,140.7879414664667
17070204,2020.0,350.32583339143804,230.36553536204295,234.33779381186412,233.13255689803324,235.36024306228765,268.6076806251582,366.4756285254646,374.9663140175758,254.73177507728013,533.2916790483321,331.2861005243531,367.6631223160191,171.71301225811823,178.6128211333198,58.65252310392472,62.624781553745905,61.41954463991501,63.64723080416945,96.89466836703998
17070204,2021.0,434.04633799603965,246.76288509276753,234.84096419640613,242.66134935310464,244.7983000797722,287.6844182803729,348.5742125191933,342.0717294324365,244.1379607134706,528.2179662029763,308.9851030693124,364.63541328681066,113.33293883206977,320.7133991639699,133.42994626069776,121.50802536433636,129.32841052103487,131.46536124770242,174.35147944830308
17070204,2022.0,556.6350446508453,362.1881768856259,337.8675591176744,364.135976776118,361.3354950050704,358.7859696559259,413.1710546585941,471.5160513569742,265.31912768168763,576.9407294198918,375.77609850404156,356.79268024972833,180.0897645508012,376.54528010004407,182.0984123348247,157.77779456687315,184.04621222531682,181.24573045426922,178.6962051051247
17070204,2023.0,463.4220972311573,321.0807941470812,336.96209002780546,296.87250621682233,319.2891318733993,348.0141299680085,386.6967333616397,447.00249712496725,248.2576717106519,518.3740966443185,355.29568429118416,353.0347933322014,212.46301183393663,250.9590853972207,108.61778231314456,124.49907819386881,84.4094943828857,106.82612003946268,135.55111813407183
17070203,2004.0,731.2327353200851,597.7207955567831,885.2072923537919,564.796340736087,551.1568139456183,483.78526236024146,575.1048120856908,489.51355458399235,432.944901423185,735.4703438739404,547.4527196164873,660.7767617917531,125.85341037581752,605.3793249442675,471.8673851809656,759.3538819779743,438.9429303602695,425.30340356980076,357.93185198442393
17070203,2005.0,599.4822779175171,453.9090140414979,625.6686654157147,415.22976125437077,413.41293402582596,384.3588162357154,573.354361347187,528.8934200341905,444.5602332162549,700.2811087286989,547.7167551793773,621.199353572303,76.6709471842264,522.8113307332908,377.2380668572716,548.9977182314883,338.55881407014436,336.74198684159956,307.687869051489
17070203,2006.0,725.9777017745687,644.5295616504152,859.6445149067699,614.9884289863783,584.3507461387192,551.4296945857329,542.6918207533759,506.1235768988931,407.99244206419536,658.4075595013678,567.004877725393,587.4022420607298,140.2711103331752,585.7065914413935,504.2584513172399,719.3734045735947,474.71731865320305,444.079635805544,411.1585842525577
17070203,2007.0,607.1828493946521,405.7042194056169,599.1713391982871,410.2022868407635,394.1600381117342,385.29063665835474,590.1995028088234,504.1630151684928,466.84908697276234,705.8594226512503,561.2582556620011,682.8510105763663,77.65788265581429,529.5249667388377,328.04633674980266,521.5134565424728,332.5444041849492,316.5021554559199,307.6327540025404
17070203,2008.0,696.0862402310865,524.2376806552779,751.0612859962878,562.435696432474,504.6315228939926,448.7428542110377,523.7580956878338,435.70756378319527,415.2629983804324,646.1589714634563,540.4138562852901,622.9642832502805,140.8374922940357,555.2487479370508,383.40018836124216,610.223793702252,421.59820413843823,363.7940305999569,307.905361917002
17070203,2009.0,667.4903516510079,559.0382682041693,669.0514889756132,535.4002082878061,519.3901043794532,451.38220126742567,528.6171390624667,474.2174805893581,414.3378990327123,652.4971567886728,565.7415083134638,568.5275086360642,125.97777593059173,541.5125757204162,433.06049227357755,543.0737130450216,409.42243235721435,393.4123284488615,325.4044253368339
17070203,2010.0,682.336999643489,545.8793395632904,588.7614612190048,545.7783121175701,440.6356422338023,490.0251523485866,563.798154663261,507.40286333686106,453.2303634898103,714.1442200038537,540.3498857702208,635.7703646476233,99.46275348079122,582.8742461626978,446.4165860824991,489.2987077382136,446.3155586367788,341.172888753011,390.56239886779537
17070203,2011.0,800.0252192040191,654.5796496205248,771.1849375120111,668.4930356752624,588.2971467465657,565.6185881609027,547.480027758791,512.9449060975654,402.9755549900026,686.1682614684569,523.1387761277323,606.7988325256673,232.72885172204357,567.2963674819755,421.8507978984812,538.4560857899675,435.76418395321883,355.56829502452206,332.88973643885913
17070203,2012.0,668.536946427931,474.53313595011514,579.9305750110069,467.0294468877478,435.1139088863092,387.8504211712351,554.8209533530588,490.0965971304067,426.37623319460147,708.3097474783682,560.3974557838357,574.3661915206194,89.60234163797855,578.9346047899523,384.9307943121366,490.3282333730284,377.4271052497693,345.51156724833066,298.24807953325654
17070203,2013.0,717.2814245541504,503.51919952338017,653.4008650838705,535.0781281869173,472.62105730630304,476.1265281746687,560.6201516063436,473.56987999300543,459.56938178758196,685.7011559624377,580.3736065901481,603.0998672603276,77.50108428138658,639.7803402727637,426.01811524199354,575.899780802484,457.5770439055307,395.1199730249165,398.6254438932821
17070203,2014.0,620.1441078769105,483.55864846301307,640.7627052774875,510.0443229621942,436.9910621479236,450.3610091739358,636.4945326975514,618.6839850439105,501.1333838866647,735.9211574025916,631.7497034803112,675.8621555528733,110.65577264877801,509.4883352281326,372.9028758142351,530.1069326287095,399.3885503134162,326.33528949914563,339.70523652515783
17070203,2015.0,627.8219827849796,491.32335346029964,579.5141604825333,500.4209171037297,448.0094248662308,468.0911459348487,649.4193556778729,588.3706186055811,535.4944909341045,732.9796516994986,638.5964870509026,670.667846447197,78.70574890256002,549.1162338824195,412.61760455773964,500.80841157997327,421.7151682011697,369.3036759636708,389.38539703228867
17070203,2018.0,676.0881679223338,460.30866675383663,567.6248734547768,452.3715629097467,431.5051002966774,427.484455674847,628.3189923474437,621.3646506378352,480.01654017936875,751.132485454982,597.771802731721,672.2152809493074,66.72971561655663,609.3584523057772,393.57895113728,500.89515783822014,385.64184729319004,364.77538468012085,360.7547400582904
17070203,2021.0,551.7893883175275,433.2174113862588,447.7100194991,374.84084489729025,401.76969961715577,365.27930598441725,592.2030180749169,511.19619408159735,473.63881576112294,655.0350042995445,571.2309556634494,688.0135006421559,73.23724164172108,478.5521466758064,359.9801697445377,374.4727778573789,301.60360325556917,328.53245797543474,292.04206434269616
17070203,2022.0,759.1179918455388,586.5896756812588,575.1970667252449,503.0749797403119,555.7273602843877,465.88271304740715,654.4338193326378,637.7130703982933,519.2958775837126,719.4616446436718,631.9657996122636,687.8118921601911,100.12059122354226,658.9974006219966,486.4690844577166,475.07647550170265,402.95438851676965,455.6067690608454,365.7621218238649
17070203,2023.0,708.0229989682854,611.3522646882827,608.4097356124354,544.0827596882286,573.8518005571071,488.4875150776861,637.6631936556147,627.861613217263,516.7531829801494,669.9397975180336,589.3729064204585,717.9835901741073,123.39984372136976,584.6231552469156,487.95242096691294,485.00989189106565,420.68291596685884,450.45195683573735,365.0876713563163
17070202,2004.0,741.8387267083408,625.215463488516,878.3229533390994,653.2489541106576,616.8829438806316,546.846771104125,580.5566609005988,508.0706089860903,436.20141258094725,731.1593484449852,537.705219478859,666.0057417835146,261.13219597138686,480.70653073695394,364.0832675171291,617.1907573677125,392.1167581392707,355.7507479092448,285.7145751327381
17070202,2005.0,590.5893410640787,453.7742454980832,616.0079045291255,465.4232912153843,435.22376018960466,427.57956921443787,584.8416224583972,539.7454059660665,465.18191513804044,696.0386094977538,550.5444368017787,633.6461318520012,147.8440511099874,442.7452899540913,305.93019438809574,468.1638534191381,317.57924010539693,287.37970907961727,279.7355181044505
17070202,2006.0,718.6918063922151,629.0758678756681,801.8064236261274,662.2577681036196,615.8225193094518,606.8038558235427,554.332209003255,506.3949893173632,427.5435011775056,647.9070868039312,569.9296378507977,620.9347038731894,310.9656455187315,407.7261608734836,318.1102223569366,490.84077810739586,351.29212258488803,304.85687379072033,295.83821030481124
17070202,2007.0,615.0137393660801,424.0191091394403,581.8567705017624,457.14257134896576,443.9953519333501,459.5712524681079,598.2265379122896,500.2562355279809,472.2995063460603,714.5103580019701,570.530542299118,692.2310253307852,168.8802562754867,446.1334830905934,255.13885286395356,412.97651422627564,288.2623150734791,275.1150956578634,290.6909961926212
17070202,2008.0,697.961194153044,531.3585274558424,725.8148316310827,613.9706409749249,544.7471618589772,508.80385826930996,538.9387277892132,442.0030153858785,438.74495132602476,661.1883083076849,543.534066886602,651.4784783233882,301.4328125524302,396.5283816006138,229.9257149034121,424.3820190786525,312.53782842249467,243.31434930654694,207.3710457168798
17070202,2009.0,666.7311309888888,556.498065918107,657.5528058976296,572.6202190830212,542.8087950418399,500.6032195977417,535.6980417031915,481.8637787624695,424.77242090584207,646.2768549720761,565.0757185489178,579.3274235000265,256.50340396382404,410.2277270250648,299.99466195428306,401.04940193380554,316.1168151191972,286.3053910780159,244.09981563391767
17070202,2010.0,686.7389382917246,579.6868168386528,589.0658733277872,607.9298646969308,507.29144565101967,546.3736548057542,572.8955202294775,534.8343902378692,464.819194590931,719.0709887434649,527.7288676285464,637.6980855740702,197.5034386581296,489.23549963359494,382.18337818052316,391.5624346696576,410.4264260388013,309.7880069928901,348.87021614762455
17070202,2011.0,800.2529367140207,677.6968621738574,753.1643117521215,763.5471665394679,649.4898134810813,642.2171422510254,553.8534182489001,534.1806430242557,399.8839025758996,688.0531807303413,517.2319398252166,618.9460604736945,488.38648937692756,311.8664473370931,189.3103727969298,264.777822375194,275.1606771625403,161.10332410415373,153.83065287409786
17070202,2012.0,681.9271337310034,500.7599419585827,567.3136620983878,559.0469826393636,484.92146795717497,462.03499317955703,568.4478714565968,515.557552680851,456.7481033928963,704.4168678555761,556.6105225015001,593.0246482251063,200.87270863623183,481.0544250947716,299.8872333223509,366.440953462156,358.17427400313176,284.04875932094313,261.1622845433252
17070202,2013.0,713.7361661393679,537.8513752965994,662.6183889624976,616.3652902104911,537.0851038163894,547.388211033565,570.6886226957432,475.36890038636113,481.53101643271316,689.6155567110595,578.187047391465,618.9596736264976,161.75715479726279,551.9790113421052,376.09422049933664,500.86123416523486,454.60813541322835,375.32794901912655,385.63105623630213
17070202,2014.0,622.7731691354419,493.724391012074,628.0929872245114,572.1019149509132,475.8120072277764,537.9633987242541,647.2795826863902,635.9667375800973,522.8324483230696,742.8310941523052,622.9448911912312,690.3913472206328,227.49985062989998,395.27331850554197,266.2245403821741,400.5931365946114,344.6020643210132,248.31215659787645,310.4635480943542
17070202,2015.0,607.8014146897611,477.28835658060353,534.000125913458,537.9544202668211,479.0326747945404,538.3017559685114,659.8210186168951,576.9435319934375,549.5332633517698,738.0871578560126,641.341914667601,691.4263026517109,158.6012461951647,449.2001684945965,318.68711038543887,375.3988797182933,379.3531740716564,320.43142859937575,379.7005097733467
17070202,2018.0,677.963619206045,490.60521778002743,554.5595007950966,534.9441593598838,484.5806808317959,522.9163369593938,652.3409538589771,610.8354469290111,508.66732860706804,769.2997670302292,595.5459713759794,713.3580429944689,159.6240009779122,518.3396182281328,330.9812168021153,394.9354998171844,375.32015838197157,324.9566798538837,363.29233598148164
17070202,2020.0,605.6518884877676,541.2991128406153,553.0516254172079,555.1544705503362,533.3081532000497,480.0229867313943,663.1557145208833,590.5825959426987,548.8227213501372,752.6306160953206,585.476227691688,750.1365629557852,204.02120708275615,401.6306814050114,337.2779057578591,349.0304183344517,351.13326346758004,329.2869461172935,276.0017796486382
17070202,2021.0,574.2174486023209,454.87615829099565,442.5919617426976,458.8011936894576,445.93818296021504,441.23181342545325,625.4247265572681,525.8838528287826,525.6717740253791,679.0653005731282,593.7219525871097,719.7965880735688,135.63027496160774,438.5871736407132,319.2458833293879,306.96168678108984,323.1709187278499,310.30790799860733,305.60153846384554
17070202,2022.0,789.6737072573503,649.17711004967,599.8060388549887,652.3956897817989,634.5283721825972,578.3933973181369,666.4117156320004,667.095098927426,517.2763898551798,730.3915296318777,640.4940961196219,699.2182335421641,236.55454969586725,553.1191575614831,412.6225603538027,363.2514891591215,415.8411400859316,397.97382248672994,341.8388476222696
17070202,2023.0,696.3737053558232,598.6791761698241,575.0669119509213,598.1478688960318,583.5977709056592,546.4968255927554,649.2133906486669,633.020443214198,544.6887666860358,674.9007730383628,610.3770713697613,721.4925706718165,241.2055721701515,455.16813318567165,357.47360399967255,333.86133978076975,356.94229672588034,342.39219873550775,305.2912534226039
17070106,2004.0,888.8836200078961,716.8809744876176,883.225707206821,903.3949478506635,713.3394783811244,829.5399773269503,647.1012074016573,564.6789210335345,543.6685373085252,803.1420833984787,628.6577573515199,701.4809107318914,285.17703532453993,603.7065846833561,431.7039391630777,598.048671882281,618.2179125261237,428.16244305658455,544.3629420024104
17070106,2005.0,680.5226790385329,505.2127212579345,587.8834509582144,614.1721515613534,486.49088855591316,602.5445313274204,650.4944018474619,599.1221759391336,573.6098527978613,754.4948946548599,633.2447989701102,678.0563761165057,212.5319923309802,467.9906867075527,292.6807289269543,375.35145862723425,401.64015923037323,273.95889622493297,390.0125389964402
17070106,2006.0,996.6899870892232,889.832604414288,860.7160795217077,1082.8783692806642,894.02219155626,963.9013302042014,637.9580541629605,571.8830368851037,527.7144311350856,751.1005846133396,621.0607011513558,650.1473007848845,451.53537158947796,545.1546154997452,438.29723282480995,409.18070793222967,631.3429976911862,442.4868199667821,512.3659586147235
17070106,2007.0,937.4619504185283,769.2930169049469,741.4855214483476,933.1627922457562,797.6588596150779,869.8939333071595,627.2737751489266,555.0772977424783,515.2576034009908,761.0041882828333,616.719598575347,677.5951056618892,413.41576390841965,524.0461865101087,355.8772529965272,328.06975753992805,519.7470283373367,384.2430957066582,456.4781693987399
17070106,2008.0,931.98001461416,792.5392526451699,724.9149856242474,942.5281420392014,740.8433800321606,843.3941913731002,597.1701840327506,537.7074000416815,507.6646961051083,731.6031133710507,616.1029261152776,625.0418862935427,402.6304519564278,529.3495626577322,389.9088006887421,322.2845336678196,539.8976900827736,338.21292807573275,440.76373941667237
17070106,2009.0,902.0033128789959,831.8411149891201,650.5165484492762,863.4808932970801,709.4525066747748,767.5353848158755,623.0239122523415,572.1783085568948,525.2098180586099,733.6442957267528,642.9254510315809,667.4421864489501,349.0909784119005,552.9123344670953,482.7501365772197,301.4255700373758,514.3899148851797,360.36152826287434,418.44440640397505
17070106,2010.0,987.6786067767246,841.1989717799936,820.7601763086385,964.5354950799955,753.527483970315,895.5636850893098,608.9401689401944,598.2157712676906,516.5197510006466,749.8521150798659,582.0197156897027,667.3716758051412,372.453098807521,615.2255079692036,468.7458729724726,448.30707750111753,592.0823962724745,381.074385162794,523.1105862817888
17070106,2011.0,1094.4920765097775,940.6175685674277,854.8456008874277,1022.8678926467768,930.7442466885298,911.1868320321655,607.8243957345254,597.323635517651,497.6945910867998,764.5689007708302,593.0613400292034,679.9927236017903,521.779641593465,572.7124349163125,418.83792697396274,333.0659592939627,501.0882510533117,408.9646050950647,389.4071904387005
17070106,2012.0,1010.2937777306905,816.6906987669479,786.627184340887,824.6339212205278,875.0903457269696,736.8801733119282,613.6536187303409,556.1349352900158,531.8890218279538,765.361457021599,620.6478662586525,658.1612119933125,477.214419585047,533.0793581456436,339.47627918190096,309.41276475584004,347.41950163548074,397.87592614192266,259.66575372688123
17070106,2013.0,1037.3120972417846,886.615283639591,822.4113328008247,982.6103866700291,973.4877972551077,762.6727579554641,622.2276390073789,570.8973893199741,527.4729206070414,756.2677348213188,691.7048499548877,615.5551765261733,374.2522811265401,663.0598161152445,512.3630025130509,448.15905167428457,608.358105543489,599.2355161285676,388.4204768289241
17070106,2014.0,885.9662043337339,768.4385054315832,695.6852526407677,849.009333131503,756.079308390811,649.6195462002056,718.0733376932608,684.1456257288683,626.4310808445985,822.1430630059599,725.2241958038506,742.389452250994,377.10162695060217,508.8645773831318,391.33687848098094,318.58362569016543,471.9077061809008,378.9776814402088,272.5179192496034
17070106,2015.0,795.7522650387301,711.0524443689038,662.4911529073049,800.8508857518925,684.7914360906922,659.0021523008172,691.7846079790122,623.6294554813626,590.4963580585572,794.207367758162,711.9308402343604,690.2751191273389,357.09541827468996,438.6568467640401,353.95702609421386,305.3957346326149,443.75546747720256,327.69601781600215,301.9067340261272
17070106,2018.0,929.7462693148983,762.566641117042,655.2560692163139,784.3465079276577,747.7434331879329,642.0851372480583,687.4865761036235,583.155640907254,598.1440647698952,822.064229457227,717.3224269575179,665.5623284638889,403.2578949554489,526.4883743594494,359.30874616159315,251.99817426086503,381.088612972209,344.485538232484,238.82724229260944
17070106,2019.0,906.3417721146899,748.034080732569,644.7482432520255,867.7735212630477,721.9653329575085,779.752498435345,667.1027080456237,570.1120711880268,595.1361733446272,809.6292531412757,656.5764564894705,650.7045102004345,323.73194032006387,582.609831794626,424.3021404125052,321.01630293196166,544.0415809429838,398.23339263744464,456.02055811528123
17070106,2021.0,865.1546298567151,639.1230875184973,638.830024339974,734.428884781648,623.6102851061123,623.6028363364393,718.1370123501509,593.0542250627553,602.5296957676155,833.5347094547964,707.4554309848177,759.8964166415433,310.6821041366387,554.4725257200764,328.4409833818586,328.14792020333533,423.74678064500927,312.92818096947366,312.9207321998007
17070106,2022.0,1026.6932635096416,824.528640459061,791.7704703740833,937.8360475774109,796.6477407696115,681.9823018414434,691.2417071618618,611.1112510848675,587.8163459448203,781.6715592417618,721.397675279295,688.4196977362486,401.37137368890455,625.321889820737,423.1572667701564,390.3990966851787,536.4646738885064,395.2763670807069,280.61092815253886
17070106,2023.0,888.49574397698,687.2682885324228,666.921274668211,761.0042026122605,671.9599093865706,676.658712854514,697.162363057917,633.6695275401713,592.6059104766141,758.2767599884688,750.2944638297835,682.3660241118448,350.52263843973356,537.9731055372464,336.7456500926893,316.39863622847747,410.48156417252693,321.43727094683715,326.13607441478035
17070103,2004.0,606.7797901242753,570.9448358634077,620.9422857490259,526.6021975362871,578.994025656663,457.5082738516375,458.1682619757221,419.90735049030155,376.21910673466175,592.0622006431414,416.2657248484446,474.66727735058396,82.21592910072506,524.5638610235503,488.72890676268264,538.7263566483009,444.38626843556204,496.77809655593785,375.29234475091243
17070103,2005.0,451.34483130038234,354.39639080851117,414.88777401918685,328.9419501751359,358.43502977535184,352.2626797015078,444.06482231090814,394.0325287276681,407.1791684215471,553.3888392118743,395.6712806735671,461.12708287598457,35.618385279522016,415.72644602086035,318.7780055289892,379.2693887396648,293.32356489561386,322.8166444958298,316.6442944219858
17070103,2006.0,606.5876589517277,550.4148298341878,559.1156250118138,505.98824272460615,558.3217418357348,518.3512915045003,432.34890110414244,389.88991136774774,343.22425298846304,564.1208865127207,426.3012914354276,433.1499921335199,70.38122761991723,536.2064313318104,480.03360221427056,488.7343973918966,435.6070151046889,487.9405142158176,447.9700638845831
17070103,2007.0,535.9854542521582,420.3920101937734,427.32800533529047,400.4356811514651,436.37387478724,418.50109058229117,462.42626597198546,384.08250954519275,400.76086909233186,595.6707150202764,425.49474269724004,495.53108092802,55.37481776455047,480.6106364876077,365.0171924292229,371.95318757074,345.0608633869146,380.99905702268956,363.1262728177407
17070103,2008.0,573.0615729150952,474.63106514148654,512.3686044938198,453.6970597109866,482.84661061519034,461.56631429371754,408.2405227960343,304.6789448417519,361.34435511101725,550.3256194181361,400.9393206710745,434.89801474839055,74.44688172308219,498.61469119201297,400.18418341840436,437.9217227707376,379.2501779879044,408.3997288921081,387.11943257063535
17070103,2009.0,562.4110825664338,486.1949872644325,513.2258393430662,437.7845946088071,481.04406639976787,433.4337621684849,413.1596505960568,355.4122993842787,354.8307370003295,513.5833872246861,407.5389253166951,434.7670982535958,93.06827017204554,469.3428123943882,393.1267170923869,420.15756917102067,344.7163244367615,387.97579622772236,340.36549199643935
17070103,2010.0,603.2096421001788,511.76949491638646,494.5571335985591,487.60565554192027,494.37636102720217,484.3513622754608,468.742207454414,435.4738962551844,413.6578185696138,636.5384234396416,408.7304992068392,437.6660688857458,52.30143519203762,550.9082069081412,459.46805972434885,442.2556984065215,435.3042203498826,442.07492583516455,432.04992708342314
17070103,2011.0,698.6367437853198,612.9412605217851,585.3236585110542,583.4017469579,598.870225637656,559.4681524566917,469.6198357291241,461.49062356965493,376.1042573870819,603.2280038553677,430.2043175225302,464.7925395548057,161.35316476401124,537.2835790213086,451.5880957577739,423.9704937470429,422.0485821938887,437.5170608736447,398.1149876926804
17070103,2012.0,611.4653926017165,477.9159932261665,475.6498792271975,455.4380248733443,468.6522057113302,443.13382620674685,465.2057153941685,427.8014728385111,396.1921389456659,580.2230753783293,398.2008634167405,519.1518059125495,72.69863475052922,538.7667578511873,405.21735847563724,402.9512444766683,382.73939012281505,395.953570960801,370.43519145621764
17070103,2013.0,596.3459004189094,506.3157102978534,496.08029760927906,492.2642757675834,506.09599143211426,490.1501080371264,432.60139567251997,398.70629043719265,363.7514888891695,567.1838466889551,442.2206064610641,392.4952359338228,61.156442245682726,535.1894581732266,445.15926805217066,434.9238553635963,431.1078335219007,444.9395491864315,428.99366579144373
17070103,2014.0,519.0665423305085,443.0670022772957,479.82337234184166,415.08846618595237,433.4116411183076,435.6372254599994,487.69346279220014,481.0990224783666,405.10934355953634,607.4911245553529,459.3345439293041,471.6215950542601,80.30308271592227,438.7634596145862,362.7639195613734,399.5202896259194,334.7853834700301,353.1085584023853,355.33414274407716
17070103,2015.0,472.9228319102392,398.0973836589313,386.2679915742233,389.3634742987816,397.27170524451606,426.43867816415207,455.1418738825212,423.9553501153688,352.26631183522306,543.7423754659753,476.76140896117425,447.26054805792467,53.11347391931964,419.8093579909196,344.9839097396116,333.15451765490366,336.250000379462,344.1582313251964,373.32520424483243
17070103,2016.0,580.3845544009657,459.0416460533841,452.9744085703525,441.96953175617307,456.7101864948044,460.9595797115227,476.6099865569021,464.4299344092982,382.65750944619555,570.2419373589065,481.257098841546,446.47726792230037,55.45631336084504,524.9282410401207,403.58533269253905,397.51809520950746,386.513218395328,401.2538731339594,405.5032663506777
17070103,2017.0,737.0756856254001,562.5290763225919,567.3331207935108,541.3610608375029,568.0416440773257,565.3597881763994,493.7121076591521,511.16851780989856,365.61066317660465,591.2520689963246,485.38211992133466,475.78319394148355,104.73167755876018,632.3440080666398,457.79739876383167,462.60144323475055,436.6293832787427,463.3099665185655,460.6281106176392
17070103,2018.0,592.338707336812,457.6091904501087,471.5278607207147,424.0177348277438,457.19858614909595,455.70074722989995,490.95123748516784,485.4534386539741,355.52226531609335,631.0421840060459,476.75238287212227,464.3068675207737,85.5441957892303,506.7945115475817,372.0649946608784,385.98366493148444,338.47353903851354,371.6543903598656,370.15655144066966
17070103,2019.0,701.7665049525363,598.5215252209587,538.712868578322,536.0383745264471,594.6915094422799,508.2335334109833,481.8465012257824,438.28333345139544,383.722818316113,611.21884487097,466.60678970001345,452.2099472437787,123.42102263850245,578.3454823140338,475.1005025824562,415.29184593981955,412.6173518879447,471.27048680377743,384.81251077248083
17070103,2021.0,488.08366316701535,392.0552295359032,386.39765026131437,358.44401606424583,394.4405721622847,365.14423017479993,434.67442688992224,377.0446224118819,356.4973572984709,551.249961567036,428.5850418335996,421.9927718457727,68.58338764108312,419.50027552593224,323.47184189482005,317.81426262023126,289.86062842316267,325.85718452120153,296.5608425337168
17070103,2022.0,739.6452817833662,586.6311744234862,588.9050286496914,558.6656647486458,586.9233108801272,519.743463891322,536.2629121561124,545.0150504990113,385.51641023505886,643.2196670580141,516.6685463609787,490.60950281787547,94.68681235894017,644.958469424426,491.944362064546,494.2182162907513,463.9788523897056,492.23649852118706,425.05665153238175
17070103,2023.0,528.1078064379855,447.84569576172055,446.7738047836368,405.6009555844388,446.29001864311886,427.81840129413155,474.1399096127043,481.26271408429295,372.8986718219067,541.0484706149855,475.32854440337,431.61821891724145,70.10902709222938,457.998779345756,377.73666866949117,376.66477769140744,335.4919284922094,376.1809915508895,357.70937420190216
17070102,2004.0,543.1950351570554,661.6435204800733,645.5010372359727,594.1700631246753,671.7710385517429,487.32796302478175,561.4329458343742,529.1864187762744,545.3173298807739,623.9916930337681,501.41055279222854,575.3879589175104,117.8740255013919,425.32100965566343,543.7694949786815,527.6270117345808,476.2960376232833,553.897013050351,369.45393752338987
17070102,2005.0,395.95703230683733,432.98429598894,453.5268610680069,383.9364368048606,434.710016125463,372.4002508335548,558.6941712707222,522.0536535756929,589.9503787629953,597.9924333617732,491.9423442182535,551.7823388167585,55.99339783068605,339.9636344761513,376.99089815825397,397.5334632373208,327.9430389741745,378.716618294777,316.40685300286873
17070102,2006.0,576.0104815008051,662.9841573014254,667.4093243658876,607.793387624935,682.2216636043153,556.6388795299423,542.0683546563527,496.61113830373114,526.4233298510923,597.1800650944473,513.6215154756399,520.9042679776353,115.4821682178965,460.52831328290864,547.5019890835289,551.9271561479911,492.31121940703844,566.7394953864188,441.15671131204584
17070102,2007.0,498.78056428405546,563.637172349703,505.0403882772696,520.461993074733,570.5191973478253,454.2550560844455,561.0566349124252,446.465976873486,585.3165662717806,643.4520975496443,503.71308970805205,590.6269856166585,96.36706457705759,402.41349970699787,467.27010777264536,408.67332370021194,424.0949284976753,474.15213277076765,357.887991507388
17070102,2008.0,510.59276284279923,662.0326512957714,553.0534602348275,506.28144387501413,617.5889190436606,441.06741432619725,533.1957398116837,422.7294836247571,568.2744418063861,615.2925413635417,490.53470011459444,540.545700050868,117.80017563288594,392.7925872099133,544.2324756628855,435.25328460194163,388.4812682421282,499.7887434107746,323.2672386933113
17070102,2009.0,581.4344743673284,697.1643946218582,602.7146824328179,616.2231788416348,702.754582834091,493.93339591579,548.188962653766,464.2003628546707,577.5555193810033,592.7813274556971,478.9566208102822,584.1589898097144,179.47100544126218,401.9634689260663,517.6933891805959,423.2436769915557,436.7521734003725,523.2835773928289,314.4623904745278
17070102,2010.0,518.3488655100031,617.779526082446,494.48024227775886,578.8143182091687,575.4219886425093,527.6553649215027,566.8390030920608,510.52146121636605,584.007824396264,679.6972920488411,476.72034223451647,567.6826911530691,92.30042436331385,426.04844114668924,525.4791017191321,402.179817914445,486.51389384585485,483.12156427919547,435.3549405581889
17070102,2011.0,620.5692549811372,727.7713021907705,663.6103864595902,642.3267355129146,718.4548904382862,562.9403688528729,546.337103573991,527.366737666189,533.384572662135,620.2907625257028,498.1358974680347,525.8040862225632,207.23699264542523,413.3322623357119,520.5343095453453,456.373393814165,435.0897428674894,511.2178977928609,355.7033762074476
17070102,2012.0,571.7390084764854,690.577581443571,583.6531862895705,608.6765218644304,658.0081604047491,521.4904324127302,556.3140232676361,512.3657446697755,552.8689279005273,608.5180988660993,496.5523134650563,588.8043164919412,146.57741894975413,425.1615895267313,544.0001624938169,437.07576733981637,462.09910291467617,511.430741454995,374.91301346297615
17070102,2013.0,531.0524414014579,665.4188540254069,524.7019022236261,581.0843939223596,659.156912181114,499.81966788500847,558.8277959106791,488.7552913239896,567.2907871837748,625.9201864515359,534.5383190280792,527.2857706680267,116.82306870332778,414.22937269813013,548.5957853220791,407.8788335202983,464.26132521903185,542.3338434777862,382.9965991816807
17070102,2014.0,478.54747131169336,566.8586498989187,530.1777611767808,443.78782740036854,572.3407828804208,417.33322847676465,573.4820136892117,541.1549415808953,560.6939867447464,655.9513955984148,530.021236220618,543.4837191830181,115.33193201866708,363.21553929302627,451.52671788025157,414.84582915811376,328.45589538170145,457.0088508617536,302.0012964580976
17070102,2015.0,473.45711062081443,518.1755117370889,440.84407266346494,465.3316289024396,530.8408788474482,465.6142036946996,568.2896176079826,517.218521712549,542.1438338745601,596.3384724563065,592.3412692212335,526.9972508640683,77.29048112972795,396.1666294910865,440.88503060736093,363.553591533737,388.04114777271167,453.5503977177202,388.32372256497166
17070102,2016.0,547.920379590806,612.3066032049004,480.6945736294659,563.2833913341925,612.0930158458006,496.77461428941405,594.7181021261034,593.7922465870303,565.3718549322512,618.3224544063787,589.6971513555907,522.4993364375225,92.55626672531173,455.3641128654942,519.7503364795887,388.1383069041541,470.7271246088808,519.5367491204888,404.2183475641023
17070102,2017.0,693.0721035633867,791.9200385114233,640.4333562496342,696.7892450928541,795.955269764573,610.7874057069541,598.0446800189317,605.3330180084741,503.4232566818712,644.4169124831171,559.4116612512089,601.5960350243301,161.08635506129997,531.9857485020867,630.8336834501233,479.3470011883342,535.7028900315541,634.868914703273,449.7010506456542
17070102,2018.0,573.0317055686913,629.5560987515689,516.671815839576,560.9789369988345,632.470051401819,509.20033301932637,602.6067506982946,602.5296827106783,510.2753545704161,670.9161053978593,558.6107509479086,584.8165104308408,143.43628966368834,429.59541590500305,486.11980908788064,373.2355261758877,417.5426473351461,489.0337617381307,365.7640433556381
17070102,2020.0,501.1850493733706,605.8273249581783,530.699968342997,504.38720620859243,601.5891733816308,460.48057828373925,602.7641771495511,546.7398394359847,547.9402633467199,661.4407672197676,563.2787484039925,610.1318218825238,130.62867096135435,370.5563784120163,475.198653996824,400.07129738164264,373.7585352472381,470.9605024202765,329.8519073223849
17070102,2021.0,467.24464269602134,493.05598303987955,458.259809423797,412.3730835172787,500.0612715265439,387.7799907612801,557.1983361740713,502.0237235670382,554.4959125858821,601.9003084915172,533.495360843563,540.1720709430713,90.72718500226118,376.5174576937602,402.32879803761836,367.5326244215358,321.64589851501756,409.3340865242827,297.0528057590189
17070102,2022.0,665.8034898711467,715.1732889693059,730.8497589673786,685.4309539719536,718.4053496810492,533.9562346097372,610.4810020904617,611.078500760889,536.6923604996277,685.7259028148272,574.548688804464,568.4287825624093,148.92984142443328,516.8736484467134,566.2434475448725,581.9199175429454,536.5011125475203,569.4755082566159,385.0263931853039
17070102,2023.0,497.98596659816167,537.663643959228,512.0029192817924,482.2027801023865,541.200451426533,443.952972193082,552.2464061150341,557.0712464296467,503.74418742880306,582.1776310107098,534.0016913876278,502.17074952497785,98.57548299866863,399.41048359949303,439.0881609605594,413.4274362831238,383.62729710371786,442.6249684278644,345.3774891944134
17060307,2004.0,1263.2992142549006,1522.547776303002,1296.4924007755621,1497.1616185098962,1531.4211316421788,956.25386085968,726.9711671712053,782.0724065185008,632.825744557368,784.8794195884666,730.7882594041591,749.6674320479856,817.999510992949,445.2997032619516,704.5482653100529,478.49288978261296,679.1621075169472,713.4216206492297,138.2543498667309
17060307,2005.0,981.553246960725,1073.8990520581137,853.5281206558835,1058.1172287074344,1109.0120030408948,707.6349996893023,775.1467909701119,785.9267533628449,676.5927115713985,834.6498540657534,758.336403543057,798.2054021240224,725.6579355113604,255.8953114493646,348.2411165467534,127.87018514452308,332.4592931960739,383.3540675295344,-18.02293582205814
17060307,2006.0,1286.120778518685,1454.2906705642945,1363.7570386226735,1413.2654416470518,1459.2174648660873,887.5463412370344,763.0088653200349,789.7918410493596,733.8086836628408,758.6098034803617,825.2804585979537,801.9271199620597,877.802312515922,408.31846600276293,576.4883580483724,485.9547261067513,535.4631291311298,581.4151523501654,9.74402872111246
17060307,2007.0,1129.870810326197,1278.1968019802162,1128.1614342496769,1257.7202345414405,1304.8491518657797,805.0226578755269,782.9640751940391,737.6300028908651,782.3447201505711,786.2197471500192,816.4943191367407,801.4272204855888,785.9532409794326,343.91756934676437,492.2435610007834,342.20819327024424,471.7669935620079,518.8959108863471,19.069416896094282
17060307,2008.0,1292.7627736832228,1585.1580405324723,1372.1696079649857,1567.2616077449575,1568.3406193159346,837.8306226963474,703.0568136053839,667.148758023339,747.9992982682636,751.5636032641108,751.1950537628377,750.6736802436283,986.2413357297128,306.5214379535101,598.9167048027596,385.92827223527297,581.0202720152446,582.0992835862218,-148.41071303336537
17060307,2009.0,1184.5728805710125,1389.0188856547954,1184.1593022991115,1331.5108656084633,1452.2609136573565,885.4908510397454,755.9327638279706,788.3905298359938,728.6520216830947,745.8319148702764,813.9852934405262,781.0876877390502,870.8620868043602,313.7107937666525,518.1567988504353,313.2972154947513,460.6487788041033,581.3988268529963,14.628764235385269
17060307,2010.0,1124.7336843002688,1224.178488383226,1024.3604459754754,1169.2474102402755,1122.536563102652,796.9956443045369,704.2159562611204,772.5081306376761,652.1865729337075,724.2851095475348,753.7493103306904,718.3905625364057,647.7993273738971,476.93435692637183,576.3791610093289,376.56111860157836,521.4480828663785,474.73723572875497,149.19631693063985
17060307,2011.0,1425.8827697846482,1691.2478539480132,1451.3785672438823,1632.523422466669,1677.1890671925262,957.7254640484484,647.400040805042,593.9654898741063,656.3859792412446,680.3547519692511,699.6155398034922,661.8113233525834,1215.456751693258,210.42601809139006,475.79110225475534,235.92181555062436,417.0666707734109,461.7323154992682,-257.7312876448096
17060307,2012.0,1310.1058098521764,1472.6506553071595,1306.3155146378456,1371.0245847310753,1473.4459230116906,849.4877321887886,690.9175600537419,677.6640458277523,701.3831372357241,742.6610942895496,795.0542752953932,705.1163644482058,1025.8536611720106,284.252148680166,446.7969941351489,280.4618534658352,345.17092355906465,447.5922618396802,-176.36592898322178
17060307,2013.0,1285.4824089247327,1421.2833906429232,1366.76233262112,1319.051307550813,1430.5686909390968,869.6026823355714,724.4479079252233,699.9680795547987,750.0788636400326,738.9692595761496,791.2434856341514,753.3191010155188,830.6625451198288,454.81986380490395,590.6208455230944,536.0997875012913,488.3887624309841,599.906145819268,38.94013721574265
17060307,2014.0,1224.6626811031338,1397.7329265497372,1335.6096953922588,1303.948534196533,1378.0946430448819,817.9843493191431,725.9200056048455,787.867244385327,721.1190180262283,727.8294520584927,772.672397664709,744.5436620949101,1022.7055701264868,201.957110976647,375.02735642325024,312.9041252657721,281.2429640700461,355.389072918395,-204.7212208073437
17060307,2015.0,1077.3035110577941,1220.9022947669007,1125.1787621024396,1146.0847631552385,1204.3274586878954,783.9423057742738,849.0099922420602,826.1652685915687,837.7687482567575,818.9216900291602,849.6508204318861,871.8342936386573,756.293720853705,321.00979020408914,464.6085739131958,368.8850412487346,389.79104230153354,448.0337378341904,27.648584920568865
17060307,2019.0,1192.6555671883884,1324.0204331228083,1163.7250807291969,1288.0280840073276,1321.8946233374436,809.665504861621,783.2575666772459,814.3937573373462,741.5454444565229,790.8190879283752,770.8536937338462,793.022452993387,761.5837669267314,431.0718002616569,562.4366661960768,402.1413138024655,526.4443170805962,560.3108564107122,48.08173793488952
17060307,2022.0,1341.3920354999295,1447.7463110815154,1457.741281609933,1426.8906317113085,1472.4773014352413,857.1747927199585,770.5126599823502,728.7900778737629,702.7854631535679,790.7127940329111,823.2273571329929,752.7257717126391,1005.8322101139137,335.559825386016,441.91410096760166,451.9090714960193,421.0584215973947,466.6450913213277,-148.65741739395514
17060306,2004.0,837.9812383578476,804.0984664613293,865.8612203833444,799.9383218880017,820.4393762969551,668.35475220747,690.9634394940077,668.7939044288437,618.8643639141521,755.0662407365692,590.9373062782696,762.0966041712833,1932.0057605824704,-1094.0245222246228,-1127.9072941211411,-1066.144540199126,-1132.0674386944688,-1111.5663842855154,-1263.6510083750004
17060306,2005.0,671.8862311237889,588.7944777703326,566.1417130253792,590.0178859155633,599.9255061210237,530.6700062702104,693.6134958366725,668.6850243550407,608.1443794889364,746.3544794439194,596.6639631273013,754.2243829986999,1662.0689574495925,-990.1827263258035,-1073.27447967926,-1095.927244424213,-1072.0510715340292,-1062.1434513285687,-1131.398951179382
17060306,2006.0,869.3740024944634,767.1467565617105,845.7226830470189,749.8675158099343,769.713956746344,650.7438499162383,672.5868878992973,626.7407969761975,631.9076318556315,703.9613656374147,605.9860548726973,719.5139574096286,2063.247370340339,-1193.8733678458755,-1296.1006137786283,-1217.5246872933199,-1313.3798545304046,-1293.5334135939947,-1412.5035204241005
17060306,2007.0,724.3782837519905,647.2532466639717,684.9443044597991,639.9344966023187,657.9003451760511,550.1234294238071,669.5098293470181,595.2601278028512,653.4505922703518,717.5072827217743,607.9861323989481,710.9851120804632,1836.4683800395783,-1112.0900962875878,-1189.2151333756065,-1151.524075579779,-1196.5338834372594,-1178.5680348635271,-1286.344950615771
17060306,2008.0,791.7492315748748,752.7959925313936,848.0465008254955,735.1983366767911,767.9137195115668,589.3786957689631,640.1224006063086,561.7003601400688,650.6636318224396,686.2319422199771,578.0400351850469,689.3545799324028,2380.00663150494,-1588.2573999300648,-1627.2106389735463,-1531.9601306794443,-1644.8082948281487,-1612.092911993373,-1790.6279357359767
17060306,2009.0,813.7086956858839,757.58489826304,836.1290715426177,759.7550853160562,744.1822597126819,636.5057475440705,632.8199345085031,598.7391652270401,597.5169615341388,674.9058768458057,585.8362480876216,670.9839938664282,2347.6142151289946,-1533.9055194431105,-1590.0293168659546,-1511.4851435863768,-1587.8591298129384,-1603.4319554163126,-1711.108467584924
17060306,2010.0,792.5305394347118,704.3498967807723,664.1001366134057,722.2891358205732,657.8182166255451,618.7307712894415,679.0096822179269,668.8542887664867,581.3488326919581,746.1650275371471,593.3134581014416,698.7084210926536,1584.3255543638666,-791.7950149291546,-879.9756575830942,-920.2254177504609,-862.0364185432934,-926.5073377383213,-965.594783074425
17060306,2011.0,933.1423799013523,892.5743012456758,950.2074921842544,928.5726202427713,891.5976414711278,737.8549984772721,571.8260659137967,554.6949874150948,522.0342320012935,645.8286669878873,524.2724390752747,618.3033010868696,3201.21192236668,-2268.0695424653277,-2308.637621121004,-2251.0044301824255,-2272.6393021239087,-2309.6142808955524,-2463.356923889408
17060306,2012.0,845.6439763423219,769.7488036749681,795.5133362973655,770.7715340593356,778.5218842296787,624.3735142816417,643.5828551175912,617.6171791891159,600.4179698676198,693.8308265549176,590.509890873719,660.5482581697235,2386.2894531983557,-1540.6454768560336,-1616.5406495233874,-1590.77611690099,-1615.5179191390198,-1607.7675689686769,-1761.9159389167137
17060306,2013.0,878.1401980793117,751.5545953306778,824.7144692537266,740.5960800803143,759.0042957401479,655.5133002205662,642.2989677210048,561.5388203230601,630.5964465176712,670.1828459861266,617.5029283350569,676.8727846690048,1814.9255587513057,-936.7853606719939,-1063.370963420628,-990.211089497579,-1074.3294786709912,-1055.9212630111579,-1159.4122585307393
17060306,2014.0,751.4850252023815,680.6911177407677,736.7972477641201,687.4958034361523,685.637530692743,563.7918619338001,695.4645103067247,697.0151289388867,652.0995793436334,717.5039616091577,625.0131063912567,716.3315990509379,2530.2691130647004,-1778.7840878623188,-1849.5779953239326,-1793.47186530058,-1842.7733096285478,-1844.6315823719572,-1966.4772511309002
17060306,2015.0,715.7444893877772,655.2974057224243,679.8148285839045,683.7207951838774,665.7241987243805,613.8340609629031,722.8936798217799,664.325244798817,702.3516617449712,718.1721490273301,692.23022404735,737.185182103618,1770.6250502059634,-1054.8805608181863,-1115.3276444835392,-1090.8102216220589,-1086.904255022086,-1104.900851481583,-1156.7909892430605
17060306,2016.0,821.1376622634037,774.7815260261684,792.2899008023954,801.0039277712209,768.1878082907226,668.4612202549193,704.3601520587208,671.4752948181541,643.8355371389426,716.481708572647,673.7402804363826,705.6326425279979,1981.201818130787,-1160.064155867383,-1206.4202921046185,-1188.9119173283916,-1180.197890359566,-1213.0140098400643,-1312.7405978758677
17060306,2018.0,903.4693925572982,836.6684512741887,950.2825082497278,870.9926326182153,845.1857397434467,717.2948918433306,694.7508621535942,685.4557609069733,612.8097905227023,735.1309246648511,637.5101430131289,714.3820336911667,2806.3524162971353,-1902.8830237398372,-1969.6839650229467,-1856.0699080474076,-1935.3597836789202,-1961.1666765536886,-2089.057524453805
17060306,2019.0,854.2692711889098,779.5097128022712,793.4297555552013,838.5741440194162,780.6856644348219,659.0452969860745,689.580394405053,623.6077711828915,625.830186090526,734.7320486700174,623.5155534410557,733.2843374522132,2124.704352418627,-1270.4350812297173,-1345.1946396163557,-1331.2745968634256,-1286.130208399211,-1344.0186879838052,-1465.6590554325526
17060306,2022.0,953.1484350328765,822.2309689329826,803.536568753124,853.7885791630649,831.8837668469536,739.1478568308002,710.2978597005927,654.9180193729816,647.2188664553585,717.9057404161243,674.7305175747848,747.3258893728238,2492.239397836845,-1539.0909628039685,-1670.0084289038623,-1688.7028290837209,-1638.4508186737798,-1660.3556309898916,-1753.0915410060447
17060305,2004.0,1066.5648946495257,899.9510655618976,1079.4976216963219,877.0157540343854,960.0480196437011,866.9384548817526,758.4628066115927,812.9935410125393,656.2564100237083,783.2815000247216,714.7483944245013,787.4904023723332,255.12211086217292,811.4427837873529,644.8289546997247,824.3755108341488,621.8936431722126,704.9259087815282,611.8163440195797
17060305,2005.0,824.400825011557,666.9356215432688,728.4240992519683,637.6852236895744,692.6001848182592,643.3711549019115,786.3899514098363,787.9948572719592,684.6623906884557,832.1357115023358,723.7654363476556,824.921560288396,198.59538182239896,625.805443189158,468.3402397208698,529.8287174295693,439.0898418671754,494.00480299586025,444.77577307951253
17060305,2006.0,1036.7449181866527,789.7657829778464,959.0154730548351,770.0158710795129,829.155539963269,783.7321315789975,738.0951244146802,749.3589633383832,671.9676457938185,736.4979676256721,731.0222396292409,773.8416585409966,216.41167319974704,820.3332449869058,573.3541097780994,742.603799855088,553.6041978797659,612.743866763522,567.3204583792505
17060305,2007.0,884.5698247456562,690.3155722784647,751.3746905116576,671.5033503980436,713.0347648605915,698.862291305945,754.3648161634958,735.5822930879688,700.42613552043,752.3977002951922,732.7854754335073,809.5217512666047,177.54710233452002,707.0227224111361,512.7684699439448,573.8275881771376,493.9562480635235,535.4876625260714,521.315188971425
17060305,2008.0,1039.741738566434,837.4598576377388,1003.4462839970207,811.6047309610592,852.7304201936055,766.4242908450937,718.4510833025535,639.9415945649955,729.8595392414793,753.3165762560593,712.5733119064463,770.8603840877763,291.7798437280634,747.9618948383704,545.6800139096754,711.6664402689573,519.8248872329958,560.9505764655421,474.64444711703027
17060305,2009.0,1056.3624266072688,854.0223780915253,998.3789663097133,845.5675768511417,897.286117684262,831.6722936020246,732.5547944730523,752.0578484905523,683.2704367921098,727.0346174545382,724.6824506370496,756.4287516217148,336.7622122897041,719.6002143175648,517.2601658018211,661.6167540200091,508.80536456143756,560.5239053945578,494.91008131232053
17060305,2010.0,958.875953396665,791.0845740862927,878.587400399748,722.3745827738348,789.9716910550937,735.1964934854896,726.2271288649908,773.0944163249225,641.07580063459,743.5007923281364,709.4706644866129,740.8195549978362,229.99190645538894,728.8840469412761,561.0926676309039,648.5954939443591,492.38267631844593,559.9797845997048,505.2045870301006
17060305,2011.0,1133.9026774389022,952.0716331133907,1144.1138797171102,915.0819323386248,983.1151941140085,916.1640480384123,593.6171933123488,571.647503721907,564.0509375671693,630.6724098860599,598.311139398385,627.640496385164,444.6690801706758,689.2335972682265,507.402552942715,699.4447995464345,470.41285216794904,538.4461139433328,471.4949678677366
17060305,2012.0,974.4680161333711,778.5614720685979,905.1168309429765,718.0410101549013,825.52605302199,722.1626577731571,708.4790377980905,702.2311119639654,631.997849936158,731.3753345807795,772.8469050396855,667.6240568892104,238.04001612427285,736.4280000090982,540.5214559443251,667.0768148187037,480.0009940306285,587.4860368977172,484.1226416488842
17060305,2013.0,1045.9965635606347,793.686322032887,851.4921395887498,747.7044274829753,833.8848106740035,819.7421771734804,701.7079662470804,663.015178818228,708.8813272913783,703.6008728369607,727.4830747492042,712.4726291662199,185.13377422465913,860.8627893359755,608.5525478082278,666.3583653640907,562.5706532583163,648.7510364493444,634.6084029488212
17060305,2014.0,980.8832010223296,783.0613754715106,908.9952257319303,776.0047105793211,819.967974734214,741.2218239948392,752.8539293721428,785.1331979807685,745.2511233644362,737.1295288654721,746.3353062034932,763.664117668562,284.01627533320135,696.8669256891282,499.0451001383092,624.9789503987289,491.98843524611976,535.9516994010125,457.2055486616377
17060305,2015.0,908.0116278030457,728.7234969522198,761.5886924791122,710.7681484389989,741.8778616685167,784.7399643341713,804.0456562772897,735.5647650986267,816.9160796465,783.6670048641479,800.203144525467,818.8578933519495,193.46538318543477,714.5462446176109,535.258113766785,568.1233092936775,517.3027652535641,548.4124784830819,591.2745811487365
17060305,2019.0,1127.6299532288722,856.5901966563825,918.1605036615666,896.424365618406,905.820884367735,859.7131068857229,748.730114971991,748.9314580904777,733.2546261777536,747.9823303517893,707.5496688468508,789.3177957073939,313.3969653065715,814.2329879223007,543.1932313498111,604.7635383549953,583.0274003118346,592.4239190611635,546.3161415791516
17060305,2022.0,1098.0650827865447,842.4166061180326,925.6982573988766,854.3793453565606,896.1417211663224,884.7627384350759,761.002469886626,756.2517266610913,689.9603548078171,750.3152870563592,785.6986629403239,778.7662164771359,349.167410312343,748.8976724742016,493.2491958056897,576.5308470865336,505.2119350442176,546.9743108539794,535.5953281227329
17060303,2004.0,1209.631556423064,1382.949996963408,1182.1261988569895,1351.0798379581327,1388.1798781818172,805.5909189902164,702.5245482696486,773.5930689176653,597.1897007257962,770.6768586150228,720.5840780367856,741.6685354770933,733.2294432532719,476.40211316979196,649.7205537101361,448.89675560371745,617.8503947048607,654.9504349285452,72.36147573694453
17060303,2005.0,934.7490917237847,954.8242659881796,816.9935859944732,956.1731096992736,980.0876086920715,588.4544653480668,728.361393971485,762.8500749645968,603.2147152344381,816.7994305147339,728.8516905381932,767.3905391131051,635.594447093047,299.1546446307376,319.2298188951325,181.3991389014261,320.57866260622643,344.4931615990244,-47.13998174498019
17060303,2006.0,1198.6282933295008,1273.5212032567097,1237.0061166557498,1260.6952868604644,1290.4366967899427,715.8520398704353,736.5117235878918,794.8984639911113,682.6504569449864,760.6361276865041,796.2517793957745,787.3129861475379,748.9040642068791,449.7242291226218,524.6171390498306,488.10205244887084,511.79122265358524,541.5326325830638,-33.05202433644378
17060303,2007.0,1073.5070043896208,1163.3619436483266,1026.0576841091597,1179.815787492412,1182.6353018091647,660.5334273116864,740.938924529861,732.7807079835343,688.6986411648918,766.3355749485843,785.7170018976785,807.0915293536137,676.2792265334284,397.2277778561924,487.08271711489823,349.7784575757314,503.5365609589836,506.3560752757363,-15.74579922174199
17060303,2008.0,1219.1025226512706,1418.6553700002776,1239.8169432653845,1402.1897063339436,1381.8877821536983,670.099003866793,676.5583589948408,683.2403171597947,696.7710855600657,748.2168652594133,740.5575390937702,727.2416587113369,907.1956701676842,311.9068524835863,511.4596998325933,332.62127309770005,494.99403616625955,474.6921119860141,-237.09666630089112
17060303,2009.0,1148.8323492519398,1273.0813252041464,1166.2008191750365,1328.3738542239728,1339.6579920725032,757.6891346457126,720.0698687150897,762.2478924044806,650.1410670518414,752.8826677658733,782.2555980682012,776.9858640658152,823.0703009009642,325.7620483509757,450.0110243031823,343.1305182740724,505.3035533230087,516.5876911715391,-65.38116625525153
17060303,2010.0,1051.4528578133645,1154.369645354632,968.2501986681858,1116.8530347725464,1036.6325062727828,669.133504310209,659.5390641592722,754.2674823962708,599.5582172596648,704.6122778011838,730.905146369154,696.237312272624,593.4370239825371,458.01583383082743,560.9326213720948,374.8131746856487,523.4160107900093,443.19548229024576,75.6964803276719
17060303,2011.0,1332.188124330615,1485.5552043839891,1314.0912396168492,1514.0366129609783,1500.0190725610455,782.4730810770641,597.4072787348146,612.8981666750194,576.954802659725,654.5433047713979,659.3720726323769,603.1449207594484,1078.3932950030216,253.79482932759336,407.1619093809676,235.69794461382762,435.6433179579567,421.62577755802397,-295.9202139259575
17060303,2012.0,1196.1968172069587,1320.1142705318252,1163.277116845967,1273.0558463181035,1325.3593893784634,654.0362621820092,674.7313294571742,710.7115479169174,621.1433727222136,763.5630559449538,788.7506469187209,710.2597212928825,887.4516918411371,308.7451253658217,432.66257869068824,275.8254250048298,385.6041544769664,437.90769753732644,-233.41542965912785
17060303,2013.0,1186.3140262638515,1300.232524421821,1162.2782496493342,1230.2221067043388,1295.8729777915137,713.8970166957935,665.8793384198232,662.0494000211638,651.4447314240238,734.4435668411537,747.7787523460458,723.7251970956003,708.0130187149814,478.30100754887013,592.2195057068395,454.2652309343528,522.2090879893574,587.8599590765322,5.883997980812012
17060303,2014.0,1155.2690026744745,1305.5169267207111,1221.325931654711,1341.9914771514684,1281.4783558465554,670.1104351493362,684.3009503034614,800.4543410859319,642.2775974551574,728.8464771530573,735.2298789859574,725.0864183203871,977.7170738041596,177.55192887031495,327.7998529165516,243.6088578505516,364.274403347309,303.76128204239575,-307.6066386548233
17060303,2015.0,1047.2478309993774,1118.9043145912833,1007.6461930414356,1146.9629175242821,1094.2403682856266,677.0824335755711,826.9673706551479,819.4309283791345,756.5729517718682,836.8964399216412,803.6428919966295,869.384437541999,679.3356417076424,367.9121892917349,439.56867288364083,328.31055133379317,467.6272758166397,414.9047265779842,-2.2532081320712685
17060303,2019.0,1175.7983949935583,1242.1434621648657,1078.7005326232309,1290.7099031744417,1242.0052848149116,739.5375388183104,760.2778010577799,787.7678759383184,691.090932245167,777.8016131047495,744.4934126697505,774.3447358218455,744.9386393405172,430.85975565304113,497.20482282434864,333.7618932827137,545.7712638339245,497.06664547439436,-5.401100522206761
17060210,2004.0,891.5340339973825,900.005649711986,935.7638948840754,860.3402692261855,894.5444494613222,627.6765275642222,683.6089083088444,656.5136802267266,560.4856773543582,764.2384302383048,718.8920319209493,787.6615051668085,359.8310179638579,531.7030160335245,540.1746317481281,575.9328769202175,500.5092512623275,534.7134314974643,267.8455096003643
17060210,2005.0,800.0506650552978,699.0073192303648,743.4937290229257,696.2731364701674,709.2738290108866,541.0474014258073,721.4476035538905,666.6685451319637,707.3431518241209,798.8956001291908,715.5895468384927,768.0574803511638,360.8824514994242,439.16821355587365,338.12486773094065,382.6112775235016,335.3906849707432,348.3913775114625,180.16494992638306
17060210,2006.0,1084.130660402237,1082.9857631879643,1026.663301040669,1032.4277367025497,1061.0088388116515,820.200312666198,656.842290613285,654.5486143208343,572.8985430441176,720.883969796336,739.7399868916033,717.0775007284631,587.5073220874548,496.6233383147823,495.47844110050943,439.1559789532141,444.92041461509496,473.50151672419656,232.6929905787432
17060210,2007.0,775.541148908397,732.4295412667551,726.150526089109,684.5501230187889,716.138768397504,553.0980225566628,684.0787210334538,644.3586758024295,570.080241327188,739.5304770104061,749.192357480097,799.4977858117021,298.47610434560477,477.0650445627922,433.95343692115034,427.67442174350424,386.0740186731841,417.6626640518992,254.62191821105802
17060210,2009.0,923.6470783540659,832.8752057071857,875.231234533299,833.5323619483391,861.9536418342724,582.6053207727354,670.1135967247756,652.9215926531526,571.3173665448072,745.1770460775107,717.7146127760968,759.0298169217191,397.06519464781235,526.5818837062535,435.8100110593734,478.1660398854867,436.4671673005268,464.8884471864601,185.540126124923
17060210,2010.0,869.4413070852713,835.8905197494448,876.3397511839074,849.0182641316434,761.3319239118158,654.7382741562067,624.718785976305,658.3242198799794,512.2763066261186,696.7890514587425,697.3458358125592,687.2184132952272,394.14672960049285,475.29457748477836,441.7437901489519,482.1930215834146,454.8715345311505,367.18519431132296,260.5915445557138
17060210,2011.0,1015.8452429312176,980.836547834549,1101.7204670394603,954.3000742954036,975.7597689891558,661.2902715595811,562.6702310486226,519.6904743110014,482.50499332363916,625.9920432933741,617.4171043517595,634.8097923383738,568.6584925534486,447.1867503777691,412.1780552811005,533.0619744860119,385.64158174195506,407.1012764357072,92.63177900613253
17060210,2012.0,869.9192011984143,848.0061120875318,847.7943386528121,796.337642508143,857.3718310436057,546.7916692826421,610.912215046136,610.5885820663716,541.5716058045193,689.6604656585338,732.4337251964738,623.2862072176616,520.8608481056276,349.0583530927867,327.14526398190424,326.9334905471846,275.4767944025154,336.510982937978,25.93082117701451
17060210,2013.0,943.1474042483817,903.7801719784036,978.547336094264,955.345259804262,908.3713738157317,716.0756177481157,625.1901962365092,582.3777893219034,519.2592949192642,732.8841869198773,686.999995348254,690.393874283431,426.269498084288,516.8779061640937,477.5106738941156,552.277838009976,529.0757617199739,482.10187573144367,289.8061196638278
17060210,2014.0,869.5222374207858,780.6547766432521,885.2077571862392,735.3560174311788,780.0590920007068,622.9907729709947,670.4857580503584,672.9604492887206,599.9840620367919,732.0004957681813,730.7748422294303,745.1237401520098,415.2556499118845,454.26658750890124,365.39912673136763,469.95210727435466,320.10036751929425,364.8034420888222,207.73512305911015
17060210,2015.0,807.7221203769948,749.4351563239009,729.5264444516849,745.543213918626,762.8920544711224,679.0739375417802,748.2395906782002,659.3786552453438,643.7214178773719,820.7602361230495,734.219303198995,773.0611598524767,298.1682079208595,509.5539124561353,451.26694840304134,431.35823653082537,447.3750059977664,464.7238465502628,380.9057296209206
17060210,2019.0,1029.8759907387782,961.0975088064681,860.0182725631904,979.0111821720819,935.1451929397398,702.0006724998702,699.1379525711254,607.4627205513115,575.8989595990521,765.217892577012,652.4695545305764,765.6453238966847,468.0839616357162,561.792029103062,493.01354717075196,391.9343109274742,510.9272205363657,467.06123130402364,233.916710864154
17060204,2004.0,501.75721941433216,425.99548626261975,424.3038719742236,427.8935943381572,439.490938002608,302.0376205173664,428.41876700945284,437.1811935125967,360.4737742058339,554.7916158527156,343.7230229132039,520.0864149285168,32.18370211270512,469.573517301627,393.8117841499146,392.1201698615185,395.70989222545205,407.3072358899028,269.8539184046613
17060204,2005.0,494.8268812845584,433.31873878525636,423.79916493184624,443.65275017816026,445.51462212979055,305.9906047732185,451.6812680688299,514.6017789671092,371.3730818315983,564.0769434137377,357.626013320115,518.7045091813724,46.386615746288,448.4402655382704,386.93212303896837,377.4125491855582,397.2661344318722,399.1280063835025,259.6039890269305
17060204,2007.0,516.0072914448461,436.1033943602243,428.13017054604506,439.8147948130229,429.78901548440507,296.1514203904266,471.0567316357577,491.21226062994424,398.16280307837474,581.6407681250653,383.56024203230544,603.8498560075673,52.49767133786615,463.50962010698,383.6057230223581,375.6324992081789,387.31712347515673,377.2913441465389,243.65374905256047
17060204,2008.0,485.02976211272863,408.0021501367682,418.63815554778785,386.9372728741822,408.3853021481872,240.9984611480976,428.9312796595639,433.41669123992597,364.9011181118677,510.4661681294494,367.4568718259118,551.7985303404822,62.59761988090122,422.4321422318274,345.404530255867,356.0405356668866,324.339652993281,345.78768226728596,178.40084126719637
17060204,2009.0,605.9372366276905,530.7837296474321,427.96326744215884,505.006803496053,494.2519091004996,345.8661337472315,429.4518987301735,482.390279009401,345.5470994894044,526.7167923967529,363.3327918072057,520.0957853757251,89.82246764518065,516.1147689825099,440.96126200225143,338.14079979697823,415.18433585087234,404.4294414553189,256.04366610205085
17060204,2010.0,539.9837118917987,480.4774567561048,443.126589586979,483.7075755810765,416.8751501914445,333.7362855137347,396.159834773427,479.7233631834678,321.9872105275314,459.87138227780434,334.879353526032,469.0946602330973,93.53848009059989,446.4452318011988,386.9389766655049,349.58810949637905,390.16909549047665,323.33667010084463,240.19780542313478
17060204,2011.0,538.9472593171611,520.6483149409561,347.6622988521002,491.7187585653984,447.68805636493533,326.03629507610947,403.5526706582986,429.11084752646525,317.94213321885996,486.99338974346534,341.0624200627624,593.2196126722054,110.07815396752908,428.86910534963204,410.57016097342705,237.58414488457112,381.6406045978693,337.60990239740624,215.9581411085804
17060204,2012.0,448.09752221794145,394.1049755226623,257.47251768560295,383.99716442481633,374.38543854459647,246.17887110359285,366.3810532412603,413.3906430238823,329.49461384868727,437.8256943873006,347.5298621810893,457.2328916682294,73.45270756303727,374.64481465490417,320.652267959625,184.01981012256564,310.54445686177905,300.9327309815592,172.7261635405556
17060204,2013.0,460.28978268640026,429.9158741797528,388.9008647135014,402.78051052059345,402.49637613917736,290.239542464093,408.1805489273403,403.5494876279123,364.5127526042595,499.4009071065448,352.6684318266008,476.05324764264645,46.10025596168644,414.1895267247138,383.8156182180664,342.800608751815,356.680254558907,356.3961201774909,244.1392865024066
17060204,2014.0,557.3942694520563,453.21057968778484,439.11491916174464,437.42293782320104,424.1909041809456,314.2513634464159,439.9309423837675,502.7382970455149,354.1883440252816,540.9346553132913,366.7310490788669,553.5022500203867,65.10162052878484,492.29264892327143,388.108959159,374.01329863295985,372.3213172944162,359.08928365216076,249.14974291763107
17060202,2004.0,473.293447060094,435.44206663955504,343.5668651644444,404.4858310501882,446.110919556579,263.29075522895954,342.13290137770446,326.8908451824385,304.18858562031267,473.0843987681915,273.91411309883546,422.8079771150332,69.36309967802427,403.9303473820698,366.07896696153074,274.2037654864201,335.1227313721639,376.7478198785547,193.92765555093527
17060202,2005.0,470.98165992200194,478.1594304836803,399.3460940775049,474.46851594129527,488.85703238957734,299.39119572531234,373.53368899723444,400.7261356032603,317.08673231820353,505.78553933055997,299.24922877682445,432.19532229545047,71.38164470940748,399.6000152125945,406.77778577427284,327.96444936809746,403.08687123188776,417.4753876801699,228.00955101590483
17060202,2006.0,519.1010631868671,527.985711469885,390.86110505107155,543.5623021516819,518.5293832714079,297.58293322709216,351.02955757565843,372.5878617525342,292.6399720544014,473.40977655194325,302.1563465114403,469.15150739941305,78.72382498839477,440.3772381984723,449.2618864814903,312.1372800626768,464.8384771632871,439.8055582830132,218.85910823869736
17060202,2007.0,476.2424755146046,418.12389779149,381.9573869137451,412.8310152868907,413.8763683060245,250.11631834271762,365.9860526774498,366.486088143991,327.1934165690928,477.07564013932114,333.0513624293781,424.9577546089719,78.58504646270936,397.6574290518953,339.5388513287806,303.3723404510357,334.2459688241813,335.2913218433152,171.53127188000826
17060202,2008.0,459.5088632678669,401.5861530673331,348.61344761219,348.86987361266205,412.55710716244243,207.24277216760458,330.9344517375397,323.6809420909936,302.88477029700795,413.6534103559028,294.8737113538101,422.8125212378669,78.0049067241884,381.50395654367844,323.5812463431447,270.6085408880016,270.86496688847365,334.55220043825403,129.23786544341618
17060202,2009.0,567.9934734537792,551.169134890184,380.8523561308009,544.7360932482894,564.9251384011394,315.0486910122437,348.21849786652075,382.18979161215066,296.56467420780723,462.5705693339852,305.45789788053753,432.6931519761056,93.24210632710647,474.7513671266727,457.9270285630775,287.61024980369444,451.49398692118297,471.6830320740329,221.80658468513727
17060202,2010.0,513.8558339987197,486.02243787650434,420.07587999643437,495.6683106763922,411.6360743380363,297.0451127094681,305.660312636492,372.6751631014971,277.73566436676373,368.3129877633172,281.8742742995518,342.9998498865384,104.76299901679323,409.0928349819265,381.2594388597111,315.31288097964114,390.90531165959896,306.87307532124305,192.2821136926749
17060202,2011.0,509.4684130926177,528.5120519068951,308.1767557505271,518.8539855420211,463.0531982985915,269.63050220655055,338.52443107563147,339.7009972003648,296.5572099915941,412.88494177023466,286.0439144263168,549.2750990984758,121.3402076628048,388.1282054298129,407.17184424409027,186.83654808772232,397.51377787921626,341.7129906357867,148.29029454374574
17060202,2012.0,437.43899965431604,431.08596956773556,233.12845721428315,437.9413376465864,412.62086231678563,235.74305284992545,285.09793639695926,317.9737028839604,273.5299918046899,369.9736371909729,280.8498016365392,325.59813253140135,115.94149550786273,321.4975041464533,315.14447405987283,117.18696170642042,321.99984213872364,296.6793668089229,119.80155734206271
17060202,2013.0,445.4180920427541,443.9951841778535,352.2281280861732,419.0414890321789,427.7339994134836,241.95287161919316,302.8793165437536,310.0181422236441,284.0834755198995,400.13901048576395,277.594893161088,342.0794530242511,92.48678713813017,352.93130490462397,351.50839703972326,259.74134094804305,326.5547018940488,335.2472122753535,149.46608448106298
17060202,2014.0,512.5996422085599,452.0640738851761,380.14965942293463,464.7671774657961,427.28961033002184,277.74732855069055,349.70151282679484,382.49342322861787,291.71964091290846,449.09786966370575,303.53800729423443,441.53896708662216,89.11628901021332,423.48335319834655,362.9477848749628,291.03337041272135,375.65088845558284,338.17332131980857,188.63103954047727
17040213,2004.0,385.3126858436556,348.76176469361553,413.0547599504741,361.54763739840416,330.89657902320005,275.1234156927267,295.99694463277586,361.65529491739215,260.47757883023115,387.5558017410718,249.82615652752833,274.64494578592263,16.767332738276075,368.5453531053795,331.99443195533945,396.287427212198,344.7803046601281,314.12924628492397,258.35608295445064
17040213,2005.0,494.44606210570777,472.20942475790105,478.0833335114723,445.24888316753544,439.65145900384107,355.87924334666945,363.5590508438602,469.48608495669936,308.1011736334268,487.39899298232393,290.7462125392748,327.41421012595833,19.231167537697736,475.21489456801004,452.9782572202033,458.85216597377456,426.0177156298377,420.4202914661433,336.6480758089717
17040213,2006.0,460.4744951047406,428.2900130356349,465.98367359292007,454.78210803115775,403.9675350552382,329.31325733371796,330.7668152668218,401.72203076429076,307.90612039003906,416.77125853975554,253.53852625854518,352.67753378652077,21.793755561176344,438.68073954356424,406.49625747445856,444.18991803174373,432.98835246998135,382.1737794940619,307.5195017725416
17040213,2007.0,369.1585940305034,322.63335909653813,358.8992192244592,319.314563966197,298.2908741333076,265.3223353324178,297.35266235264163,368.28249954856585,290.77826070029647,417.63210988074866,259.3717260726136,256.16154656470235,18.29195676132011,350.86663726918334,304.341402335218,340.6072624631391,301.02260720487686,279.9989173719875,247.03037857109769
17040213,2008.0,341.47413523641643,314.9813092046227,355.76604547776896,314.09465949927966,295.40692958440695,225.80286144396948,251.84476228004684,285.01222750073356,241.63445310734318,350.0593057863398,238.3694380130043,273.86161357831594,18.221627927964246,323.25250730845215,296.75968127665845,337.5444175498047,295.8730315713154,277.18530165644273,207.58123351600523
17040213,2009.0,503.8392148604164,454.21560742621585,463.5154383241459,442.5324239715311,405.7927921912896,344.88596525952477,314.04949340804114,380.84999802473874,298.2880978987784,449.95519652941795,278.155921870341,255.06295626283824,19.761497760566137,484.07771709985025,434.4541096656497,443.75394056357976,422.770926210965,386.0312944307235,325.1244674989586
17040213,2010.0,404.95276292594605,350.11452582449067,377.9208018469872,328.33248862030365,247.34084687707582,268.1603542735266,285.68421878229475,344.9967327879595,261.4763655777999,372.396057464917,245.7874193625232,298.7294498238125,21.336467408958,383.6162955169881,328.77805841553266,356.5843344380292,306.99602121134564,226.00437946811783,246.82388686456858
17040213,2011.0,528.4437800562488,476.5215163659008,441.4171746000816,486.48829920799244,425.56760896020313,337.56177524998816,308.1294042905524,388.6203237948763,252.72757032751196,427.6307641520361,265.18364394864483,303.5801302614075,24.438386712360355,504.00539334388844,452.0831296535405,416.9787878877212,462.04991249563204,401.1292222478428,313.1233885376278
17040213,2012.0,291.32412683809986,294.90210181007205,280.3510943571721,265.36156321144574,270.3748997699742,223.92838791868044,260.87717110120366,291.33867973584904,276.23598408909396,334.5671376149431,247.55019971743303,233.80956590733996,20.70747009654993,270.61665674154995,274.19463171352214,259.6436242606222,244.65409311489586,249.66742967342427,203.22091782213053
17040213,2013.0,337.5895012494645,299.8679955542258,328.72722685020346,287.52513122222956,285.17639018434886,243.4762828901976,267.0539827925115,274.58062718296986,267.8371718838642,379.2488997056657,250.50712024578831,259.77369282403413,18.532875006141115,319.05662624332336,281.33512054808466,310.19435184406234,268.99225621608844,266.64351517820774,224.94340788405648
17040213,2014.0,439.5652813343821,351.4006101979251,430.16748475314694,333.6229408455137,368.3654158779949,304.4120647285305,317.06893124009684,349.4507526028593,332.7926026586393,414.6304288936291,291.2741579356394,256.98015190060596,18.496483172592,421.06879816179014,332.90412702533314,411.67100158055496,315.12645767292173,349.8689327054029,285.91558155593845
17040213,2015.0,401.0036128581993,366.458567786527,408.36264608273444,395.2539154438047,362.0373753330278,290.7051922225294,339.7856202543005,348.75256122590815,313.1495347567361,454.1634789767694,309.7937026066255,305.03674724942186,19.673855889237796,381.3297569689615,346.7847118972892,388.68879019349663,375.5800595545669,342.36351944379,271.03133633329156
17040213,2018.0,346.4561591277968,293.30189653713774,306.5554359064747,279.7379708946482,278.29696822573794,243.73924903032108,319.07137832515406,387.1672886778978,269.4294594241754,423.8236784290167,294.21556910373215,274.33252602936955,24.634471940939193,321.8216871868576,268.66742459619854,281.92096396553546,255.103498953709,253.66249628479872,219.10477708938188
17040213,2019.0,511.13774064368295,476.8788472299884,486.40965252944164,502.7196865651532,447.9275116562521,352.75166449368083,351.331101084937,410.96053653547386,271.27769775846633,476.8466330619658,299.83894568654614,322.9073774868969,22.91845702050786,488.2192836231751,453.9603902094806,463.4911955089338,479.80122954464537,425.0090546357442,329.833207473173
17040213,2020.0,359.0069748289368,295.7237660987876,305.8686436887786,298.08170078857063,270.8489550655501,253.43315529335473,325.1342526709088,370.81368167808586,275.8967994173243,436.8755810524326,287.12099582009057,284.7824177486121,23.608695974699174,335.3982788542376,272.11507012408845,282.25994771407943,274.47300481387146,247.24025909085097,229.82445931865556
17040213,2021.0,288.0288939190578,219.0002676505846,236.78230779338634,232.68653267426643,202.63828513358655,193.08005427350056,258.4657386256898,320.8540558921796,232.78715698913487,335.5399209874923,240.65528128939656,212.52487474199324,18.183255000517782,269.84563891854,200.8170126500668,218.59905279286855,214.50327767374864,184.45503013306876,174.89679927298278
17040213,2022.0,400.327124735298,319.39957225087045,319.0706495226568,307.06227608359734,301.59150740952936,248.2181875351575,344.554203632963,396.7807759237015,283.58284072007666,442.12675147375677,322.83114573413457,319.8797591654865,17.60481864975073,382.7223060855473,301.7947536011197,301.4658308729061,289.45745743384657,283.98668875977864,230.6133688854068
17040213,2023.0,491.8925976146104,445.0532071610457,422.52811110690175,415.3879676467433,417.80513965411404,276.6310930317156,388.11912749099156,484.06918960791336,341.44236710749567,504.7363294708432,318.73907968066464,326.9453060203977,17.94625587623284,473.94634173837755,427.10695128481285,404.5818552306689,397.44171177051044,399.8588837778812,258.68483715548274
17040205,2004.0,667.9497415295646,531.6292004989807,665.2756331525472,591.1103904517148,526.8680590318004,431.327025848326,579.077137808098,665.8400247400398,541.1484439936105,586.5699399304152,521.2555918794692,654.5682610535029,24.210274750495543,643.739466779069,507.41892574848515,641.0653584020517,566.9001157012193,502.6577842813048,407.1167510978305
17040205,2005.0,659.0877465009668,531.0525342628008,649.412337055428,576.7621182392085,534.2127970595602,447.5863577676332,607.8905842491174,659.1296708418373,577.8568021349481,627.6660392029431,512.463863815519,683.2114699155251,16.758316487718346,642.3294300132484,514.2942177750825,632.6540205677097,560.0038017514901,517.4544805718418,430.8280412799149
17040205,2006.0,714.1839981710716,594.7911575871659,756.6691983950928,667.7419446340216,581.5153878853882,462.2502534080343,563.0402355643624,632.495601914403,534.7317431722703,582.1145719964469,509.326740046419,611.5352373406783,73.20619134510709,640.9778068259645,521.5849662420588,683.4630070499858,594.5357532889145,508.30919654028116,389.0440620629272
17040205,2007.0,569.0741753497937,407.29653175776224,539.5856070539962,434.74846389268055,395.74817741607177,330.66305167295656,570.2913756259209,610.2140429182433,491.13476411458885,653.3244645314818,528.6440126537007,665.872978635799,39.687963157586196,529.3862121922075,367.60856860017606,499.89764389641,395.06050073509437,356.06021425848553,290.9750885153704
17040205,2009.0,832.9317334529751,637.4283068784589,694.312215642997,678.4791745755845,585.2873554735813,454.1409338277651,580.3679440497464,659.0232429683306,548.1197148073978,622.3167711364347,510.5382821970752,651.8689080468833,53.22397850378624,779.7077549491888,584.2043283746727,641.0882371392108,625.2551960717982,532.0633769697951,400.9169553239788
17040205,2012.0,521.7328747727996,455.5251455168964,511.68298502702817,456.5638092369051,411.83496498909346,328.37335124812387,581.0863403830149,635.4553046971465,545.7824107371539,605.9495992334907,536.9063338045527,697.4175565700806,52.11996903289218,469.61290573990743,403.4051764840042,459.563015994136,404.44384020401293,359.7149959562013,276.2533822152317
17040205,2013.0,524.3697803479281,485.35750069387825,501.430602666264,525.337560783143,454.4574257749906,376.007652637333,526.9268343086488,533.2739552246906,473.05185604063297,556.6408053208888,495.23180788048575,586.2476461512981,30.758279498887994,493.6115008490401,454.59922119499026,470.672323167376,494.579281284255,423.6991462761026,345.24937313844504
17040205,2014.0,701.3694102519919,591.0837489951894,724.277279767746,613.57325595035,571.478040379015,443.2651680763043,575.6421978779891,633.5766503266188,540.7322363551442,620.7252878452572,528.4759983303601,585.2402448545934,19.788537733148367,681.5808725188435,571.2952112620411,704.4887420345976,593.7847182172017,551.6895026458667,423.47663034315593
17040204,2004.0,798.1470183957227,746.9723988438753,849.2161976264395,724.6039336792918,754.1316693022113,542.8557089094136,634.8721388258048,691.0150613275933,631.066763336468,687.4350718135177,611.1322708791757,695.98211420111,46.85903627438843,751.2879821213344,700.1133625694869,802.357161352051,677.7448974049034,707.272633027823,495.9966726350251
17040204,2007.0,698.1430570359771,618.504444958567,712.490956795954,559.3626997128551,614.660756337173,401.0946410822812,630.4868059017709,581.4671161410614,608.6780599402342,730.7022049495157,649.6726002254424,678.8878304917138,52.777185673894735,645.3658713620824,565.7272592846723,659.7137711220594,506.58551403896047,561.8835706632782,348.31745540838654
17040204,2009.0,976.9277581458322,843.8976508534458,895.3093331003803,819.6726901545112,814.7976861285765,542.7488856674977,620.4127328387951,646.5658709131548,625.2323315869257,678.1224623329971,608.6810804296869,659.1093946634634,110.56358176384599,866.3641763819862,733.3340690895999,784.7457513365342,709.1091083906651,704.2341043647305,432.1853039036517
17040204,2012.0,687.9561795631512,672.2392701414362,683.481444579226,561.4476256652712,676.2936785413477,374.66089662507864,651.5374269727632,652.8564746506146,667.4235479507443,677.6784174265927,653.7888947199178,744.7520896518729,75.73167603482756,612.2245035283236,596.5075941066086,607.7497685443985,485.7159496304436,600.5620025065202,298.929220590251
17040204,2013.0,665.5165248533431,671.272800399239,729.5490010445978,619.3683832790773,679.4812730883971,476.5517485667756,597.625857613402,627.4648759239213,597.6683613763224,617.5452809771681,597.2498438471641,636.0048421230755,64.71943805646907,600.797086796874,606.5533623427699,664.8295629881287,554.6489452226082,614.7618350319281,411.8323105103065
17040204,2014.0,901.3689175173841,894.2683321475338,1008.5443620977876,818.2924803968488,886.7666286594393,576.8066645544684,636.1039946676025,717.3830943768219,638.7018521563384,659.6176043601808,641.2129704500821,612.033891108553,105.55350662819247,795.8154108891916,788.7148255193414,902.9908554695952,712.7389737686563,781.2131220312469,471.253157926276
17040204,2015.0,702.8097634156038,723.3510337030829,792.298013835321,651.6802324702337,663.7937087134584,503.2609801575922,743.3283023478479,744.6679924918544,727.2874308548334,789.395154733178,651.4141579038779,746.8747709016947,77.91710221866734,624.8926611969364,645.4339314844156,714.3809116166536,573.7631302515664,585.876606494791,425.34387793892483
17040202,2004.0,762.5530356875465,920.6239892583101,926.2847652671776,744.252610235699,903.0632120185635,571.453194203744,625.4021647416339,628.3781084772382,613.9113790181759,672.6690998546987,615.5768782927183,748.2451435036473,400.4556897776881,362.0973459098584,520.168299480622,525.8290754894895,343.79692045801085,502.6075222408753,170.9975044260559
17040202,2010.0,676.709013982654,731.0466935253917,600.3445978996299,590.0393471927965,652.7193743231934,450.6762040380272,606.7810915303949,647.1879928510432,608.5353585802235,616.8765884790597,634.1685574068904,699.8112002736405,436.860674122672,239.84833985998205,294.18601940271964,163.4839237769579,153.17867307012452,215.85870020052138,13.815529915355189
17040202,2011.0,876.9456062733182,1079.1186919902318,899.548983532772,845.0479409427963,1020.3047759829133,603.1977064225537,601.8750687826329,621.6971906920556,693.7515021258044,595.3552716890259,629.4188180940475,658.3232905096879,536.775694020861,340.1699122524572,542.3429979693709,362.773289511911,308.27224692193545,483.52908196205226,66.42201240169268
17040202,2012.0,712.8074655082709,843.68258362145,698.4764506960838,630.7326365532307,812.9179182345005,441.318267820264,657.3458321281917,629.1381456616066,700.1786731912074,697.7865995063146,710.6498683430032,781.3282843411612,557.711533860113,155.09593164815794,285.971049761337,140.76491683597084,73.02110269311771,255.20638437438748,-116.393266039849
17040101,2007.0,774.0286668469149,792.9852588537985,753.002772054262,723.767075074424,831.6394942670087,490.67231869342345,581.1833920829048,590.1804244376352,585.3337367242393,658.8509618990689,633.9314944415024,616.4230825611421,487.29578282487046,286.7328840220445,305.689476028928,265.70698922939147,236.47129224955358,344.3437114421383,3.3765358685530202
17040101,2010.0,778.329028294906,847.8605279912549,656.673512090808,772.6109733677914,817.1011725934893,509.3663028136963,498.2422641591101,583.8276978834094,555.3614929709214,537.1493190220458,580.7815086523601,557.5866068193998,447.0793621484981,331.24966614640795,400.7811658427568,209.59414994230988,325.53161121929327,370.0218104449913,62.286940665198145
17020011,2004.0,1337.0392087439418,1292.8841372041982,1395.9981109745825,1047.5611734557492,1345.0937678305602,1089.8175475693224,610.004300629755,527.2830794964688,527.2022508222598,743.3432639364062,663.5937243442818,637.8888046051088,750.5708153631973,586.4683933807445,542.313321841001,645.4272956113853,296.99035809255184,594.5229524673628,339.24673220612516
17020011,2005.0,1044.6057196283791,981.543513913864,889.3821637731771,828.6285809754892,1028.163559157955,866.0014999115854,634.8839477799372,590.7357220455112,555.0240421591532,767.2385277910489,684.1435787767368,572.693215352675,582.1244015304839,462.48131809789516,399.4191123833802,307.2577622426933,246.5041794450053,446.039157627471,283.8770983811015
17020011,2006.0,1339.116065753112,1266.5292871099166,1103.8708909875975,1068.5981713429428,1320.6952634573297,1143.3369705642533,619.145972758525,559.2163492376119,527.6840430664216,740.4320613228554,677.9254448610553,616.9329001723136,827.8991995442251,511.216866208887,438.6300875656915,275.9716914433723,240.69897179871765,492.79606391310466,315.43777102002815
17020011,2007.0,1404.816453214822,1395.0288796990826,1140.1576291314364,1148.7593755140647,1482.873507655999,1257.9365780586754,614.4604285804572,547.8118987883979,542.5986218067047,743.6825103051692,678.5456013204948,613.0989441400021,938.7851844075858,466.03126880723624,456.2436952914968,201.37244472385044,209.97419110647894,544.0883232484132,319.1513936510897
17020011,2008.0,1259.0969437998415,1214.7280498839884,1069.6563772350223,967.7955528253001,1209.2176473565987,929.2445154616748,556.9576909995668,505.64560733920126,507.63016505304563,692.116232181858,665.1035578757768,523.2049134800234,741.0508832601429,518.0460605396985,473.67716662384555,328.60549397487944,226.7446695651572,468.16676409645595,188.19363220153198
17020011,2009.0,1269.076942702564,1269.7795157581165,835.9270475903866,1031.75479005593,1266.7409570663024,1024.3416315939978,619.5348402869269,560.0206554268575,573.5336603900929,725.8457735755283,719.7798505126437,598.3206658689273,755.2643004488841,513.8126422536801,514.5152153092324,80.66274714150242,276.4904896070459,511.47665661741826,269.0773311451137
17020011,2010.0,1337.5303942994235,1227.8650645122023,1087.1913925353451,1056.1267475633324,1265.659995037955,1133.959623954433,572.2356838005096,542.8888094127964,459.624260757152,734.7718867298087,633.3989350489671,591.2241797940741,763.1090544180379,574.4213398813857,464.75601009416437,324.08233811730736,293.0176931452946,502.5509406199171,370.85056953639526
17020011,2011.0,1507.8744927990433,1485.3658306293332,1087.8063528359903,1215.9179981802104,1517.3444092288182,1182.944704437019,568.7261829980429,568.0272126293579,492.02670210692173,725.9009061816366,641.6237600636413,579.1072378269474,1050.3814846171972,457.49300818184616,434.9843460121359,37.42486821879321,165.5365135630131,466.9629246116209,132.56321981982174
17020011,2013.0,1580.584854295702,1421.7161372888884,1074.3694401021326,1218.657862621319,1516.3614847758188,1150.1272596430763,610.7810317746817,607.7224314288852,564.2464050896946,753.3404688605995,727.3625644317707,556.3391730693826,811.7510795955757,768.8337747001262,609.9650576933127,262.6183605065569,406.9067830257435,704.6104051802431,338.3761800475006
17020011,2014.0,1304.8561053912458,1282.337279840641,875.2467797115618,1006.4785615695426,1272.9345256649747,839.0465378027114,647.6017979167995,681.0945658200369,578.9635511788503,765.8909214585757,736.2554203693297,581.0454963543327,826.8419033281342,478.0142020631115,455.4953765125068,48.40487638342759,179.63665824140838,446.0926223368405,12.204634474577311
17020011,2015.0,1180.3350642797504,1161.1840359162761,622.6847161526982,938.8453518259581,1225.9016836549256,972.4935650067158,700.894885604343,669.9022713201067,612.5637390527844,810.0364460541092,740.7848868798326,591.203367670063,707.8388413949051,472.4962228848453,453.3451945213711,-85.1541252422069,231.00651043105304,518.0628422600205,264.6547236118107
17020011,2018.0,1451.0995842498608,1384.2490163150155,947.6930700071332,1096.5046216997039,1441.20377755392,1026.7557527324348,689.3425750356539,660.0007061788367,580.601371226455,825.2042902578039,669.2885809765625,621.4138571320512,868.4774746298411,582.6221096200197,515.7715416851743,79.21559537729196,228.0271470698626,572.7263029240787,158.2782781025936
17020011,2021.0,1372.235558237649,1347.0156558692638,923.0889169104316,1048.5251585889948,1434.8469369625802,906.5838014425433,709.1380840080195,665.3595207507849,611.5888403813314,813.7395577706092,686.5671855034943,660.0865428020104,840.467301706716,531.768256530933,506.5483541625478,82.62161520371569,208.05785688227883,594.3796352558643,66.11649973582738
17020011,2023.0,1129.6226573240479,1056.8621783626454,763.3710008905398,842.3054634808356,1106.1998149846804,955.9702244559792,661.7168965889352,636.7440032953095,577.3263740952718,750.2861871557769,692.3207650844171,589.0680963727235,577.0889127595651,552.5337445644828,479.7732656030803,186.28208813097467,265.2165507212705,529.1109022251154,378.8813116964142
17020004,2007.0,536.6571484057516,394.1522229389143,479.4421459548623,415.15451312609827,366.79241915285013,538.4706251922667,649.5450853827342,609.7991883749928,504.9005462544574,684.6992653278401,661.5222419360714,741.3807866780637,68.10220912116168,468.5549392845899,326.05001381775264,411.3399368337007,347.0523040049366,298.6902100316885,470.368416071105
17020004,2008.0,513.8013632678948,401.7200613987366,483.80737537793783,407.2232883553931,361.77377439971787,494.0116763014529,616.809556290324,545.4165686623165,503.6694325184342,645.0914617825932,656.9540471088692,706.8808104021828,51.179715977454556,462.62164729044025,350.5403454212821,432.6276594004833,356.0435723779386,310.5940584222633,442.8319603239983
17020004,2009.0,466.19467180636315,408.0830381504866,409.17684565452487,416.2429224104788,368.1216989293557,502.64909370414597,625.5104718146945,567.6197830065934,485.970135865731,670.3780730272609,659.9050258082345,733.4776755523675,30.583292174904162,435.611379631459,377.4997459755824,378.5935534796207,385.65963023557464,337.53840675445156,472.0658015292418
17020004,2010.0,692.2985684938785,527.2182672768663,536.1555714806275,554.6728409215727,454.8952145663463,612.7352917081281,632.3682149439683,649.9153131163437,484.8095075645368,680.6394372721447,633.5687980810601,679.8754676341459,94.32033794159618,597.9782305522824,432.8979293352701,441.83523353903126,460.3525029799766,360.5748766247501,518.4149537665319
17020004,2011.0,620.5128688287473,491.35213635742497,490.4034961902478,515.0399007304479,436.0160952705196,594.4146375759673,610.1265988833678,609.2286261429496,451.15786953107073,692.7753056750873,604.4406465026093,687.6675615179092,136.0946682042991,484.41820062444816,355.2574681531259,354.3088279859487,378.94523252614886,299.92142706622053,458.3199693716681
17020004,2012.0,639.6302424387,510.81283869463346,487.17886625106826,558.8138469354128,469.37885201165824,598.874758488948,631.0911132112443,644.1580468121645,493.65807707215333,714.6872540047472,613.699434429378,701.3122441376523,109.95269050673932,529.6775519319606,400.86014818789414,377.22617574432894,448.86115642867355,359.4261615049189,488.92206798220866
17020004,2013.0,761.0309451331775,582.2469600643171,599.7456698654446,588.4648643453426,533.2651212765403,692.0545227391026,644.8916772812955,647.9770688540218,519.0382750798171,691.3067743528948,630.210364784576,700.5978991324314,116.18504858706888,644.8458965461086,466.0619114772483,483.56062127837566,472.2798157582737,417.0800726894714,575.8694741520337
17020004,2014.0,510.923704437549,394.5516808541266,420.6976652347349,402.17395684589167,376.20587544333944,473.27786866383576,692.0687081924367,745.6783909114736,524.4577018091145,720.8049731329791,666.5727335135562,761.1167076985178,49.376638379071984,461.547066058477,345.1750424750546,371.3210268556629,352.7973184668197,326.8292370642675,423.90123028476376
17020004,2015.0,486.1913332044611,394.18503815334674,373.347482511176,435.4657552655425,372.09309180143697,535.2456120050618,664.5656438526714,652.9657183140716,526.0886229267718,678.9669295966365,676.6250187192029,712.8207641664472,75.84603702340411,410.345296181057,318.33900112994263,297.5014454877719,359.6197182421384,296.24705477803286,459.39957498165774
17020004,2021.0,536.3237863098266,368.6875756085536,357.17711672489975,405.10619902652667,347.62410717951235,521.2475317557702,627.8271072345393,574.8146183657968,485.52616077266134,678.3082018533618,627.7370559998733,703.5922609948357,88.3843049639321,447.9394813458944,280.3032706446215,268.7928117609677,316.7218940625946,259.23980221558026,432.8632267918381
17020003,2004.0,657.0914983526544,549.0828629925495,608.8577742703992,605.832298603894,631.039631307794,610.6518837885029,663.9761432253956,620.3922064160851,485.25328761952153,709.743844636489,676.8985708799833,743.8925447250641,50.572339498529246,606.5191588541252,498.51052349402033,558.2854347718699,555.2599591053647,580.4672918092647,560.0795442899737
17020003,2005.0,571.4030158791994,558.323894653466,516.3590690116374,569.1902338530508,574.7095658683036,565.2965713937892,708.7725647000614,701.1160996117962,538.5442542322203,736.8727889393105,693.241196216537,764.0441632046995,55.469982730782675,515.9330331484167,502.8539119226834,460.88908628085477,513.7202511222681,519.239583137521,509.8265886630066
17020003,2006.0,775.9259301897434,674.6098246996393,693.6747119967024,721.9013875890791,701.9713936458286,696.3195077122141,702.4681010654583,657.3021829990239,566.6392278150919,707.4591568598847,685.8175108287993,759.1884508574174,128.72342185883147,647.202508330912,545.8864028408077,564.951290137871,593.1779657302477,573.2479717869971,567.5960858533826
17020003,2007.0,564.0838035829487,527.572394267057,535.4876573371632,523.2274014295106,576.6650338298286,564.0047107942515,677.1151739744685,633.2951685915637,531.6843201699497,660.0752468137407,723.9145085277,786.5958272834603,75.34269422337107,488.74110935957765,452.2297000436859,460.1449631137922,447.8847072061395,501.3223396064576,488.66201657088044
17020003,2008.0,610.6068316724208,585.4682530465927,578.2407157740499,527.0350559197967,610.0754294377261,569.3795051228359,656.2768825075655,594.01146237624,520.0104280061237,697.4355180701577,660.6311229241561,751.1307217486499,77.89103954471399,532.7157921277068,507.57721350187876,500.3496762293359,449.1440163750827,532.1843898930122,491.488465578122
17020003,2009.0,523.3184322752579,532.1285699893257,465.49808078523915,501.7821795663747,564.0180622915158,548.8175381261221,648.949214219486,594.0141747790698,496.5498870177045,692.4498443425889,694.9791993451718,733.3248045221789,61.64852947130847,461.6699028039494,470.48004051801723,403.8495513139307,440.1336500950662,502.3695328202073,487.1690086548137
17020003,2010.0,708.839489054699,640.2200543487005,533.2253250123172,664.4898156973105,656.8498280690791,632.8855830313781,683.6698081560216,661.4757854537112,528.6032211866161,733.7656543816638,674.039723432987,734.9523103834407,72.51434564183032,636.3251434128687,567.7057087068703,460.7109793704869,591.9754700554802,584.3354824272487,560.3712373895478
17020003,2011.0,690.0892021940739,673.1421724990893,621.9135080944214,712.6896189473795,718.7975206235641,685.6232631457939,641.8700579886489,610.5276418662843,470.9427506642137,733.1837806666728,644.5120405204061,726.7167973535477,160.10978199861958,529.9794201954543,513.0323905004697,461.8037260958019,552.57983694876,558.6877386249445,525.5134811471744
17020003,2012.0,717.2756253898033,717.4825335604806,615.8679714248593,747.6938233711212,753.6720856065825,654.4384040915578,673.4495524678257,644.5979134554741,574.6063239739134,753.5683152608368,609.9408062498333,733.9067132072082,145.62026315832264,571.6553622314807,571.8622704021581,470.2477082665367,602.0735602127986,608.0518224482599,508.8181409332352
17020003,2013.0,800.430771867934,708.9845313352401,651.0093157153697,705.9197326891873,778.7627710829144,701.8889880271448,694.9039579990157,676.2847165319612,541.8888380445045,741.064219521185,687.5535055407778,765.7271747116574,135.92069398866457,664.5100778792695,573.0638373465756,515.0886217267051,569.9990387005228,642.8420770942498,565.9682940384803
17020003,2014.0,579.8832337507581,579.170536866202,528.4277356540262,601.571173964453,589.6531363909977,563.6069568901264,725.1044341909992,757.5136546606872,569.8818619297675,749.427492175588,720.331777777628,773.7413754689146,85.21048816341325,494.6727455873449,493.96004870278875,443.21724749061286,516.3606858010397,504.44264822758447,478.3964687267131
17020003,2015.0,499.54599345111455,537.385188614789,480.85610912359573,536.7795786032046,575.0696891999586,564.8706617153849,738.7958603377615,651.7060310046772,664.6249976833487,753.4688969618015,791.1834181867108,728.4296428909372,70.19846987073122,429.3475235803833,467.1867187440577,410.65763925286456,466.58110873247347,504.8712193292274,494.6721918446537
17020003,2021.0,589.5038248819271,467.0926592543273,419.3380109962264,450.8860711189526,519.1298207723593,513.4990819123616,700.9034816242889,624.8304082062791,593.5246268000003,708.7181816744235,720.6115520073317,748.7228129697329,71.01619822478376,518.4876266571434,396.07646102954357,348.32181277144264,379.86987289416885,448.11362254757546,442.4828836875778
17010308,2004.0,650.7256008375992,572.332676570039,630.4522396687966,575.4577691052051,601.9764143519703,528.7024487506296,616.6251935839767,594.9676297528856,491.8013401691304,678.5063685310799,572.2161411224092,700.4733437404986,212.42389155627234,438.30170928132696,359.9087850137667,418.02834811252416,363.0338775489327,389.55252279569805,316.2785571943573
17010308,2005.0,546.1562447194565,520.1233369723119,557.4494622598422,533.9831246455612,532.0262370478397,498.43609330497344,671.0428732107762,684.5712467768442,566.6641916992482,690.9830015723397,616.5428758280452,742.3867468253877,212.74620806163387,333.4100366578226,307.3771289106781,344.7032541982083,321.2369165839274,319.2800289862058,285.6898852433396
17010308,2006.0,769.2914526638998,657.0137129413207,782.4537318036946,721.6083179104592,678.6068654926122,628.6628219496241,658.5206396336035,629.9861987819841,578.0775424956342,655.4057670390806,604.6306972932367,735.7724466299259,296.8574970971388,472.43395556676103,360.1562158441819,485.59623470655583,424.75082081332044,381.7493683954734,331.8053248524853
17010308,2007.0,566.5748476497104,531.9532686354152,586.3827055496619,551.34623633974,560.3995800430649,523.4252565385933,624.0185243344148,579.9037883186963,505.8940537277248,643.211935147417,606.8972715620803,739.5859390329063,237.68444874919393,328.89039890051646,294.2688198862212,348.6982568004679,313.6617875905461,322.71513129387097,285.7408077893994
17010308,2008.0,631.5206013286252,608.0719375163757,677.3540942497451,618.7607533834528,619.5911727238799,547.9629470804028,600.9319247701303,578.2352178876638,516.5781583169377,661.3697048326928,558.9328724848486,733.5227384686318,273.1379324525779,358.38266887604726,334.9340050637977,404.21616179716716,345.62282093087487,346.453240271302,274.82501462782494
17010308,2009.0,577.2148752176208,547.277790238266,520.6923390298751,521.2276344376494,551.6162690601786,535.1919226405831,590.9189440720501,594.04091757565,489.35349123977596,638.4779947037168,585.7057782464738,657.2018065524185,244.353203882852,332.8616713347689,302.92458635541396,276.3391351470231,276.8744305547974,307.26306517732667,290.8387187577312
17010308,2010.0,703.2835583545736,643.6350537247497,582.7096739472524,646.0197623536264,662.5605519854,595.3316200907702,653.9885195350543,649.7261657313823,534.8713939306539,720.1345255666855,604.4046743028495,694.0265441699146,248.39681095011497,454.88674740445873,395.23824277463467,334.3128629971374,397.6229514035114,414.163741035285,346.93480914065526
17010308,2011.0,753.6214515028802,741.0079215055631,775.4871460707086,743.6700659256022,756.4516627282898,688.6164005598466,623.7957628008937,603.5325824782994,518.5860028232779,712.9027434357092,557.9455237616129,723.1655793865265,356.94421950573656,396.6772319971436,384.0637019998265,418.5429265649721,386.7258464198657,399.50744322255326,331.67218105411007
17010308,2012.0,697.6089474052211,732.4306438415513,677.8414009444261,679.3107495995802,758.927071533291,626.0401232372392,637.1081477036739,608.0282571320333,585.1996626475284,694.7520798945163,544.3850075131891,719.8676181763218,311.09269878847834,386.51624861674276,421.3379450530729,366.7487021559478,368.21805081110176,447.8343727448127,314.9474244487608
17010308,2013.0,784.6711876321922,727.209736255618,737.4838425375223,663.2807295977408,751.6881759269347,662.3106316323903,679.4581057908933,656.8717994251596,597.2709796490103,703.9248418217412,647.6778252942378,776.4374448693098,299.2855259784367,485.38566165375556,427.92421027718143,438.1983165590856,363.9952036193041,452.40264994849804,363.0251056539536
17010308,2014.0,581.5128020635306,568.1265401401773,551.5797248075204,528.4965013545307,600.3750305816787,507.862366908895,701.0433167173956,712.461120350913,612.307796933531,726.3991471989857,654.0982270463218,779.2129127812601,260.9205386357125,320.592263427818,307.20600150446484,290.6591861718079,267.5759627188181,339.45449194596625,246.94182827318252
17010308,2015.0,514.3639168261458,539.9893265254502,523.0947209031242,487.5423015430538,555.2911717855006,508.1447042194814,708.8684606155446,634.9148051678719,701.0362027513825,708.1967632277765,701.8388551289102,714.6147603899432,227.31038569026396,287.0535311358819,312.67894083518627,295.7843352128603,260.2319158527898,327.9807860952367,280.8343185292175
17010308,2018.0,716.1039860629136,649.6947135199641,706.5448747518948,625.2189375172429,656.1826396574046,580.8399805515713,676.7023247437883,675.1438345850402,531.510327104613,738.5510673743217,617.8388969156825,753.7973423003589,310.4747035054711,405.6292825574425,339.220010014493,396.0701712464237,314.7442340117719,345.70793615193355,270.3652770461003
17010308,2021.0,566.529457664197,498.45658719640915,476.68198235022294,461.480320029428,508.99902216597707,436.84998439124274,664.7201735477094,600.7813629738356,657.2798514765111,640.2114744110186,655.411193607343,716.4525813710749,227.46088885185839,339.0685688123386,270.99569834455076,249.22109349836455,234.01943117756963,281.5381333141187,209.38909553938436
17010306,2004.0,661.5575198118574,554.7054247080871,622.4274813723994,551.012446604948,583.0664334573348,520.7097356254668,561.6531493848644,551.4698606456036,536.1704082652136,613.0071991086162,451.31658404634885,641.5213522778894,61.96517622838997,599.5923435834674,492.74024847969713,560.4623051440094,489.04727037655806,521.1012572289449,458.74455939707684
17010306,2005.0,568.6301389385878,439.22006770288493,427.76257386369934,446.23196304228725,478.2917943441181,455.06474699377793,594.6572793513986,626.9465191517019,582.4943378389725,592.7600939988024,518.9990758419946,621.6880182808843,36.61886142493712,532.0112775136507,402.6012062779478,391.14371243876224,409.61310161735014,441.672932919181,418.4458855688408
17010306,2006.0,736.2146766201561,585.0506423284361,658.1324528711647,581.8598990257884,613.5163926321901,603.5929765648312,579.2853946311081,567.5255456704448,570.8522776957261,581.5107751169292,485.35348023998046,666.4198180647401,135.44846806064473,600.7662085595114,449.60217426779144,522.68398481052,446.41143096514367,478.06792457154535,468.14450850418655
17010306,2007.0,625.7793532039661,489.6944989939827,491.87738424995985,495.72719644218245,512.6721405173267,494.4145141141338,576.002609509589,554.9555457133421,581.7238982987062,610.4998661172485,461.4170271493546,645.2457797205091,95.82288031355448,529.9564728904118,393.8716186804282,396.05450393640535,399.90431612862795,416.84926020377225,398.5916338005793
17010306,2008.0,638.8901820627136,527.4693700398835,603.3269649889745,517.8546327154856,583.9119084775621,499.9275758591927,567.2183327863978,542.0327051364144,584.3785311462739,620.1252424654621,449.6634714441071,665.6869979706854,136.65104945986155,502.2391326028521,390.8183205800219,466.6759155291129,381.20358325562415,447.2608590177005,363.27652639933115
17010306,2009.0,646.649267727057,551.9299400705623,567.4263058330605,569.130537751691,587.6687316929153,535.5040344054581,538.8267591711088,553.6970241617375,550.4678391234694,577.420759137398,443.417372730277,610.18455820613,151.77273505247732,494.8765326745798,400.157205018085,415.65357078058327,417.3578026992137,435.895996640438,383.7312993529808
17010306,2010.0,660.411821481704,554.8088942030878,496.60520773009006,523.8477945759361,509.16910538060534,528.940458270633,586.7274391636353,611.5887470031803,551.1886669880538,647.6276219699047,490.0281689655999,592.7158450163535,53.74107073564251,606.6707507460616,501.06782346744535,442.8641369944475,470.1067238402936,455.42803464496285,475.1993875349905
17010306,2011.0,771.0947949229301,689.2476848138169,718.0912676258264,648.2346337873566,669.4425431884974,625.6656716559313,523.9499781263431,525.3884123702816,498.68096882108244,589.4655255855027,391.42777806612946,631.1281354455457,211.85051408043577,559.2442808424943,477.39717073338113,506.2407535453906,436.3841197069208,457.59202910806164,413.8151575754955
17010306,2012.0,702.6426143797921,653.187079697857,595.0161016793121,646.360723522803,666.8664110181735,585.1825529268149,558.3904916855975,572.6776720176476,538.0905543677644,584.9453125750404,434.76686125487475,633.9961005919721,136.36813085667458,566.2744835231176,516.8189488411824,458.6479708226375,509.9925926661284,530.4982801614989,448.81442207014027
17010306,2013.0,746.9660235857762,639.772633862926,570.1068668315227,620.4030128009177,666.4121093090735,632.6763772523037,586.5706672685299,585.8445131326189,564.0884066008667,602.4395978906373,526.336236531728,637.6245754556787,85.44270043578678,661.5233231499893,554.3299334271393,484.66416639573595,534.960312365131,580.9694088732866,547.233676816517
17010306,2014.0,592.6173340660024,502.6314005089897,490.25601134981423,502.90254063184796,534.0887385079334,485.65018027745214,606.0657686101536,648.6317415142105,567.7025109441906,631.0684221078873,504.8466797882155,618.2081981400626,93.08101163843502,499.53632242756737,409.5503888705547,397.1749997113792,409.821528993413,441.0077268694984,392.5691686390171
17010306,2015.0,508.58374587513924,490.0849673375722,463.15058531023806,491.3155272910248,532.1870407217227,524.7900396945785,567.5664222581551,583.0438176717621,594.0243981786563,551.4677740675176,523.5626364715082,535.2570037847778,67.0771361624641,441.50660971267513,423.0078311751081,396.07344914777394,424.2383911285607,465.1099045592586,457.7129035321143
17010306,2018.0,732.3837983400972,605.3859532746914,604.7021428256097,614.3789311858861,625.9432820759592,620.6845624211164,585.7256359803703,613.4012366786308,522.2894905893585,615.9818494357228,507.8447041678155,615.1010500746722,187.75482500216043,544.6289733379367,417.6311282725309,416.9473178234493,426.6241061837257,438.1884570737988,432.929737418956
17010306,2019.0,701.7530686042473,593.5606502919358,579.716846085771,575.9542760206592,625.2197360255097,598.7142784551816,577.8386684791981,593.5077578205581,567.047208065715,597.6298120299873,507.7204666544727,576.2640142485849,128.03362708737976,573.7194415168676,465.52702320455603,451.6832189983912,447.9206489332795,497.18610893813,470.68065136780183
17010306,2021.0,556.0673513954371,439.5421467732891,398.6119611681218,413.6178633741702,459.22662311170063,412.95995076127286,522.0307548209711,525.7809762820759,557.2352523555872,510.1807052111277,488.36062451796283,459.7462650675932,61.04544522633235,495.0219061691047,378.4967015469568,337.5665159417895,352.5724181478379,398.18117788536836,351.91450553494053
17010305,2004.0,760.2703755408966,672.6277219535774,692.4848412585361,677.1676114489405,750.7734176112193,614.431358286314,611.7039914787176,611.6173203425775,497.20882371860154,683.7531391498284,574.813934646959,705.4288618671533,2730.4851725045555,-1970.2147969636592,-2057.8574505509782,-2038.0003312460194,-2053.317561055615,-1979.711754893336,-2116.0538142182418
17010305,2005.0,640.2815153743097,569.2592931192381,528.0310322751075,573.6815367685257,600.849603985264,513.8368534150699,659.5721520614525,695.9394387720021,549.2262270698947,681.0541463242159,622.6338853559159,713.2503999784732,2792.7834910286606,-2152.501975654351,-2223.5241979094226,-2264.752458753553,-2219.1019542601352,-2191.9338870433967,-2278.9466376135906
17010305,2006.0,862.3130320956279,754.0020709619776,776.7584332952251,795.5951852921257,774.208690232004,699.3946693047337,636.2881929952365,607.605896983256,553.6122509977499,661.4822674041765,603.9093244063811,740.7120527673575,3905.240615354081,-3042.927583258453,-3151.2385443921034,-3128.4821820588563,-3109.6454300619553,-3131.031925122077,-3205.8459460493473
17010305,2007.0,697.7372344005753,619.5098415239922,597.6594738505826,639.1833135621914,654.6547506167572,601.6384656346783,641.7508770617953,591.7063243578725,579.2055465063555,678.8152228971334,601.4903972945785,717.9019750838445,3462.90601033432,-2765.168775933744,-2843.3961688103273,-2865.246536483737,-2823.722696772128,-2808.251259717563,-2861.2675446996413
17010305,2008.0,757.2109843272729,744.6546173297097,749.5453571950633,728.7228999104789,771.1953227351895,609.3952362122573,614.5075780535506,601.2011914318131,551.5029293551704,687.253979296492,556.5782134571704,710.0053321126782,4258.13592713088,-3500.9249428036073,-3513.4813098011705,-3508.590569935817,-3529.4130272204015,-3486.9406043956906,-3648.740690918623
17010305,2009.0,700.1562228714316,639.407667293748,602.1357518900337,603.7263737754647,704.3768028616829,605.7693372049625,627.8333068858959,641.5982758147507,573.2301097938243,659.8180330622772,591.9409377658553,710.416761143713,3675.7212552907586,-2975.565032419327,-3036.3135879970105,-3073.585503400725,-3071.994881515294,-2971.344452429076,-3069.951918085796
17010305,2010.0,798.8291948867628,740.4393096990876,638.264495505532,697.2799135635829,735.9512896305667,654.9272358917772,646.1671717637913,660.5062277881825,527.4508759824977,717.7994424889753,599.3571863148787,670.3501972206263,2532.7791208952754,-1733.9499260085129,-1792.339811196188,-1894.5146253897435,-1835.4992073316928,-1796.827831264709,-1877.8518850034984
17010305,2011.0,903.0078425053888,882.9300856720621,885.9519855895713,870.623711107091,905.9676217375483,770.4516828207617,596.4759599698918,558.786799953821,538.3036350894055,664.0510362168873,525.7767342684108,708.0861610495754,5936.080351266476,-5033.072508761087,-5053.150265594413,-5050.128365676905,-5065.456640159385,-5030.112729528927,-5165.6286684457145
17010305,2012.0,807.0583528012755,854.8350607754716,775.7974641550584,838.6196971594491,882.1724904595494,712.5666244150415,634.2941182900432,599.6979265447444,585.1978524150882,681.5257535968972,561.023572911394,718.3146826328433,4696.4743938443025,-3889.4160410430272,-3841.639333068831,-3920.6769296892444,-3857.8546966848535,-3814.301903384753,-3983.907769429261
17010305,2013.0,886.4060399392023,830.3425082572764,723.7607365150179,774.0258607694163,864.0189295384198,724.8315306094415,673.1781520089834,637.4449487579483,614.491319833523,690.2772939001532,663.2828308685508,750.4768734818822,3362.040459892283,-2475.634419953081,-2531.6979516350066,-2638.2797233772653,-2588.014599122867,-2498.0215303538635,-2637.2089292828414
17010305,2014.0,687.496720524253,681.7106662408978,591.6670125609472,636.0000539212956,724.3046073135127,553.0237167781404,692.4053328569341,713.5472272777682,611.9120803619243,711.1669514678573,645.9359592386359,763.3304096007474,3975.964875017678,-3288.4681544934247,-3294.25420877678,-3384.297862456731,-3339.9648210963824,-3251.660267704165,-3422.9411582395373
17010305,2015.0,582.089412681544,631.7596869530107,538.7360390278393,570.9336898516642,655.5319363657608,559.4425240994669,699.0774280088865,649.6291873392281,717.6096865577761,682.3994274972831,700.1794392269483,701.5021590596056,2823.41144977608,-2241.322037094536,-2191.6517628230695,-2284.6754107482407,-2252.4777599244157,-2167.8795134103193,-2263.9689256766133
17010305,2018.0,815.4521653704184,691.4270553239759,716.5473236121155,682.7868607137555,694.6521024812555,647.9121577916178,642.9655018583333,648.4585514473299,549.123653948105,695.469625982901,601.0023360841586,704.1160429072677,4584.92624055843,-3769.4740751880126,-3893.499185234455,-3868.3789169463157,-3902.1393798446757,-3890.2741380771754,-3937.014082766813
17010305,2019.0,768.5756756978653,701.3712464462262,676.2938079717924,686.9258756122675,713.7589291934619,649.9374508385544,652.3013130760744,658.0290924922781,595.1897012428462,693.4938420417212,611.9488941352082,681.1595514933894,2814.611272211598,-2046.0355965137328,-2113.2400257653717,-2138.3174642398058,-2127.6853965993305,-2100.8523430181363,-2164.6738213730437
17010305,2021.0,650.4881099516612,554.6409542391556,517.5354001427847,550.6883331709895,572.8020411861439,492.8348560156267,683.1850770752027,639.3042211744165,722.5023616775437,641.7008120583274,678.8031356504883,711.3981162597557,2514.5684230989445,-1864.0803131472833,-1959.9274688597889,-1997.0330229561596,-1963.880089927955,-1941.7663819128006,-2021.7335670833177
17010304,2010.0,1005.6406633263744,981.9744428294117,829.1104464960462,950.3203454720172,890.5367717921558,737.6571547242158,729.4109267564122,742.4943332056076,662.2008395258346,734.5247845369634,782.2119838814315,725.2231001292423,376.76721893874793,628.8734443876265,605.2072238906637,452.34322755729823,573.5531265332693,513.7695528534078,360.88993578546786
17010304,2011.0,1265.391476555632,1362.968574093839,1246.7086715063667,1332.6482459260408,1316.3791103200156,936.561890008528,664.5738521620309,563.6638918939855,675.8855919629208,674.5040246966058,716.962945807962,676.5363650186684,902.5300033208455,362.8614732347865,460.4385707729936,344.1786681855213,430.11824260519546,413.8491069991701,34.03188668768263
17010304,2012.0,1151.5844879700162,1210.9886609674295,1129.0065945816434,1190.441665869609,1215.821857791757,901.7180248968032,690.0933093375908,636.0052801787789,688.8045938615307,719.1662444769473,768.931835595315,722.4332052622706,682.5723981615093,469.0120898085068,528.4162628059203,446.434196420134,507.86926770809987,533.2494596302478,219.1456267352938
17010304,2014.0,1060.2310012502032,1050.871914363109,997.7191311126898,1043.7277130646153,1060.045984896744,792.8431203802133,767.6115240533065,798.3590301151698,748.4530770626765,729.5527277903177,812.8633352397372,769.1839368912397,625.4365516405842,434.79444960961905,425.4353627225247,372.28257947210557,418.29116142403103,434.60943325615955,167.40656873962908
17010304,2015.0,888.7086686018258,956.7186104309194,828.6961286337605,894.2620415114894,946.1013269163564,775.8403854122635,833.5910139140269,746.0303112078316,902.9336577799289,766.0952643418544,925.0358704162475,798.5919890667539,450.7358428432449,437.97282575858094,505.98276758767446,377.9602857905156,443.52619866824455,495.3654840731115,325.1045425690186
17010304,2018.0,1192.38819086261,1155.1293872565413,1098.1858113756175,1142.0266134618487,1164.220101566855,890.4369715207312,778.4348054799042,745.9165033433163,772.325098282992,725.2090231170588,811.1223012051236,775.9663915482647,715.307575047,477.08061581560986,439.8218122095413,382.87823632861756,426.71903841484874,448.9125265198549,175.12939647373116
17010304,2019.0,1087.9594095387577,980.526256843443,943.677472780684,1015.0984390318444,984.655686799488,792.9438451233873,776.8544199831433,726.4488718680208,842.544958789683,730.7394476924571,773.4244302805454,782.0103450568429,448.36128103308516,639.5981285056723,532.1649758103579,495.3161917475988,566.7371579987592,536.2944057664027,344.58256409030207
17010302,2004.0,1049.5041397307214,1204.3084504512044,1085.7237949724845,1151.4741478002718,1223.208640592347,992.4574311500648,714.9988152219477,772.3614751767902,562.9935781110505,766.7143686554068,740.8080412749049,709.7470272253594,450.49623904720335,599.0079006835181,753.8122114040011,635.2275559252812,700.9779087530685,772.7124015451436,541.9611921028614
17010302,2005.0,896.108050254609,943.3502818724595,737.4469073257217,972.7080582143383,980.3800213278232,781.0712066432228,738.4951989498146,800.8856511649282,667.9816148813218,753.5641451483453,771.742228897337,688.7301285803205,463.907735337931,432.20031491667805,479.4425465345285,273.5391719877906,508.8003228764072,516.4722859898923,317.16347130529175
17010302,2006.0,1124.977012881136,1245.0214155007172,1194.8848254938669,1154.6358936797958,1190.7678743652984,1063.0928173154953,752.6536068933418,740.2897025888298,682.5223360226084,763.7556649919786,821.548839496466,778.2537431556543,678.6057263102015,446.3712865709345,566.4156891905158,516.2790991836655,476.0301673695943,512.1621480550968,384.4870910052939
17010302,2007.0,1020.3151704022699,1101.4106228797282,1049.1299525484135,1089.861945135269,1079.1824055888035,963.6199019680865,759.0833302526775,671.3931452548203,778.7517212525804,760.3661944233845,828.8578074819386,741.4851881867364,608.8227265295482,411.49244387272176,492.5878963501801,440.3072260188654,481.03921860572086,470.35967905925526,354.79717543853826
17010302,2009.0,987.8990816481996,1106.7991612715084,919.788017511827,1072.6772349451217,1103.0924027363367,883.279956527232,734.9809342590888,752.7050841636465,725.6413022177906,748.5372032650748,798.0236368120766,732.7775506097463,600.2439941020807,387.655087546119,506.55516716942765,319.5440234097463,472.43324084304083,502.848408634256,283.03596242515124
17010302,2010.0,1010.0371911878461,1069.4254254474824,865.2282821527104,999.0255149447544,937.6336679331424,858.9381838040214,695.8882997680208,744.7915179727324,593.7601871165637,725.5556514154686,745.6703776952415,684.0958215205286,388.2023330351703,621.8348581526759,681.2230924123122,477.02594911754016,610.8231819095842,549.4313348979722,470.73585076885115
17010302,2011.0,1273.2723556272897,1385.3606032298967,1267.9925431921658,1321.4556836640115,1320.0339242762948,1080.0965960881329,628.8916033759034,551.820079090778,612.5820414886067,658.7324091973744,684.90124202614,631.5522581242449,924.5026405869461,348.7697150403435,460.85796264295055,343.48990260521975,396.95304307706533,395.5312836893487,155.5939555011869
17010302,2012.0,1141.5643894181876,1284.6442455822555,1209.7832629513575,1270.5473195112327,1276.3094021055038,1044.7867496957056,676.2030417093588,637.4678624937445,660.8384436284181,722.3617622304298,726.985498998504,682.6491963418331,823.1684568162244,318.39593260196324,461.4757887660311,386.61480613513305,447.3788626950083,453.14094528927944,221.6182928794811
17010302,2014.0,1031.189760770885,1130.8349909795224,1050.784889485161,1107.6370505561267,1091.0822112790008,929.2469894635315,737.8877289132092,797.239882839188,679.0937093615878,721.886993916331,769.5790656275458,737.9168769585768,698.1655142622293,333.0242465086556,432.66947671729315,352.6193752229318,409.4715362938975,392.9166970167714,231.08147520130214
17010302,2015.0,860.386967068568,1030.2614284234544,871.2875822569322,964.9479761260187,987.0411107555832,861.7888695424751,811.1212792364007,741.5108393759583,867.8686020579248,769.2440567966066,896.2971781003578,757.6349983761118,482.3535581084294,378.03340896013856,547.907870315025,388.9340241485027,482.5944180175893,504.6875526471538,379.43531143404573
17010301,2004.0,1111.1260769354833,1186.8640161974597,1008.7481084204604,1148.8413507374262,1289.1929849831606,915.4193988178389,757.0237133474795,803.863672519316,616.3878971330664,772.6969158092965,793.3518350236059,763.5505345583799,558.8736907430321,552.2523861924512,627.9903254544276,449.8744176774283,589.9676599943941,730.3192942401286,356.54570807480684
17010301,2005.0,933.9048969494038,944.3012788632018,772.3269768364446,945.8749594506919,1030.233920286399,697.0225177196263,797.9213954797996,864.5229712931533,738.5754206711943,772.0690188673561,824.468540794196,769.2921924564844,581.5110975779809,352.3937993714229,362.79018128522085,190.81587925846372,364.363861872711,448.7228227084183,115.51142014164542
17010301,2006.0,1176.6126160854549,1226.954446083022,1147.2658257287815,1154.126707068753,1227.9348815910084,969.8188819802845,796.9900354744622,804.3997308273714,742.3614006576904,769.9526416611108,863.4299986723369,821.7174420189427,784.5302317918637,392.082384293591,442.42421429115836,362.7355939369177,369.5964752768893,443.40464979914475,185.28865018842077
17010301,2007.0,1074.6395157121576,1075.2192011530294,982.4200003615485,1031.1496484584409,1102.4709939723339,882.5233097734198,814.4582752388843,761.8318689936509,835.134101813852,781.1989619817016,866.3493980800185,815.0573927383037,700.835571585798,373.8039441263596,374.3836295672314,281.58442877575055,330.31407687264283,401.63542238653594,181.6877381876218
17010301,2008.0,1161.9917631504347,1253.919069078076,1155.4332836569947,1169.3166554473898,1299.6390153321538,912.9435829148586,730.7025154573246,726.0461165231679,692.0909124350763,743.1417739742685,775.5085272115886,763.3918831074744,818.7281519055213,343.2636112449135,435.19091717255486,336.70513175147346,350.5885035418684,480.9108634266325,94.21543100933727
17010301,2009.0,1005.0017470987253,1095.1473981666236,861.4385568170602,997.1976390403405,1151.2355345919611,815.0002790068113,789.7194303907727,805.2544288613641,782.4621184174885,778.1590664385567,831.5604701915304,799.1282362168223,611.4649648765966,393.5367822221287,483.68243329002706,249.9735919404636,385.7326741637439,539.7705697153646,203.53531413021466
17010301,2010.0,1094.2625464163507,1124.5355016296178,893.2234451741415,1027.3223157881107,1108.4414940257213,830.2810325311227,770.2577746411316,815.7987488865316,672.3526330074717,772.3083685748302,793.3348902176424,781.7957622436029,514.0867113465616,580.1758350697891,610.4487902830563,379.13673382757986,513.2356044415491,594.3547826791598,316.1943211845612
17010301,2011.0,1345.564848654138,1367.7217398770606,1242.4271285675875,1309.9118062070518,1401.6930160670872,1013.5881340343661,679.0168091622025,605.9722082107935,674.2875377692947,697.1531992164254,726.754902979916,699.5098397121994,1108.47642301547,237.0884256386679,259.24531686159065,133.95070555211757,201.4353831915818,293.21659305161717,-94.88828898110387
17010301,2012.0,1210.8378477671383,1326.4453213949,1208.063147498109,1283.8355139215482,1363.2716402011654,964.1841581981879,743.4208469426648,688.9855570763448,745.1436599068085,764.9800342652663,780.4672874680946,759.327032976392,869.4313072097524,341.406540557386,457.0140141851476,338.63184028835644,414.4042067117957,493.8403329914129,94.75285098843548
17010301,2013.0,1260.610274957512,1270.9726683229487,1177.4261283380233,1219.5306649858055,1327.6110733107782,999.3773314079951,783.5981472350145,753.0474032025879,760.9969085961137,764.0964740358554,823.638414325043,811.8183380732094,677.1645461283179,583.4457288291943,593.8081221946308,500.2615822097056,542.3661188574877,650.4465271824604,322.2127852796773
17010301,2014.0,1069.3945693780418,1176.361368532931,998.6563573234607,1082.1271540630023,1141.1401079320242,815.9757300723777,806.7113139237686,843.2995974750822,761.143061914735,765.2872262109679,821.8554704574283,805.7297268946145,739.9128880714661,329.48168130657564,436.44848046146495,258.74346925199455,342.2142659915362,401.22721986055797,76.06284200091162
17010301,2015.0,917.1412915149926,1036.8232975781598,855.881842585352,955.8272045497465,995.6981189571547,778.0793905498158,883.8013216960203,856.9410695932615,979.3127085290118,794.8434399847308,951.092757251754,834.7474720915498,546.7494812736462,370.3918102413465,490.0738163045136,309.1323613117059,409.0777232761003,448.94863768350854,231.3299092761696
17010211,2004.0,982.5506764373088,1047.764759681623,1157.4677385745395,890.9720990185408,1066.9685021884054,630.7788421776954,643.8628912999477,781.2471506143521,561.6895581993713,714.7869349740679,644.2094949989341,699.5239742040991,426.54045216386345,556.0102242734454,621.2243075177596,730.9272864106758,464.4316468546773,640.428050024542,204.238390013832
17010211,2005.0,889.9711637327132,1014.7324658957608,1091.8348349525809,871.0778552394535,1037.3968641909348,613.219058296759,709.069168589462,773.8494086911243,599.2157641279999,763.8706042750847,690.7372984867412,766.2779687987841,487.38946543089804,402.5816983018152,527.3430004648628,604.4453695216828,383.6883898085555,550.0073987600368,125.82959286586097
17010211,2006.0,1026.727792360629,1086.2866129135,1365.2160004977698,962.9175961285843,1106.6264555718285,755.7470986589586,681.7456244980269,740.3933785413299,635.9148700392343,711.9911661085273,730.7655079914575,727.4123324106704,566.7773494748118,459.95044288581744,519.5092634386882,798.4386510229581,396.1402466537726,539.8491060970168,188.9697491841469
17010211,2007.0,902.8404277433684,968.312754822589,1210.8496737247415,816.5802509476805,1009.761320497858,601.4040798660221,713.2291600846322,740.6471653865865,625.543604787891,721.9491987820251,753.2118420654806,787.3693601284772,450.33634389145186,452.50408385191656,517.9764109311371,760.5133298332896,366.2439070562286,559.4249766064062,151.0677359745702
17010211,2008.0,1000.0712420986695,1051.9898408358445,1419.591079652706,868.9992573374868,1098.1152513214654,611.1311749678196,655.9521895229138,705.9851600291638,622.5245636291693,700.7757526877486,705.0168929658126,717.1464873007919,516.802607792286,483.2686343063835,535.1872330435583,902.7884718604198,352.1966495452008,581.3126435291795,94.32856717553351
17010211,2009.0,896.2852269335724,930.1986663148605,1080.1836894029911,785.799295573112,1035.3634724614183,602.958359397905,679.979999960766,789.8642454258891,610.3466037272324,682.8217191422125,726.3662151393439,773.000630867999,502.8689754819638,393.4162514516086,427.32969083289674,577.3147139210273,282.93032009114825,532.4944969794544,100.08938391594127
17010211,2010.0,999.6494035264865,1165.0626198674397,1049.8943601970632,1034.9886899958715,1083.0211755289865,717.5417374542088,650.9323669301122,770.3245487953236,628.0819720847559,658.7250169476299,676.4487845291497,720.0934993701497,526.6998535456796,472.94954998080675,638.3627663217601,523.1945066513834,508.2888364501917,556.3213219833069,190.84188390852916
17010211,2011.0,1160.6420066458015,1331.8199064299868,1380.8851252731083,1115.107188532127,1362.9733728528577,824.6539495036708,603.2893097731891,600.0681949405121,598.6779441348964,641.5645322253297,677.4928012975384,668.1109649924756,846.1367645015372,314.5052421442643,485.68314192844946,534.7483607715712,268.97042403059,516.8366083513206,-21.482814997866356
17010211,2012.0,1052.3710112102922,1092.4905520554928,1283.0497229466605,915.5662456838312,1165.8428222202747,673.739998601085,643.7470353699832,640.3452687164081,606.0811521197621,745.0312038559896,738.6734335825689,756.4614483661892,683.828672255062,368.5423389552302,408.6618798004308,599.2210506915984,231.73757342876917,482.01414996521254,-10.088673653977128
17010211,2013.0,1083.5946604829799,1089.59840314674,1276.956940956503,917.3627120552469,1180.2380025259602,724.3747187542766,675.8376330957085,706.8783262789073,627.7325661137604,725.281297235834,712.6669796989418,744.5918503173793,552.511994866392,531.082665616588,537.0864082803481,724.4449460901111,364.85071718885484,627.7260076595683,171.8627238878846
17010211,2014.0,1047.76042550093,1093.0381882538406,1479.8024517244398,922.0517020717609,1151.110707268674,692.5531185174484,675.5121429852908,752.529325298333,622.4380297306744,695.812451488542,690.4346359856027,758.7885662829578,637.1996609385042,410.5607645624259,455.83852731533653,842.6027907859356,284.85204113325676,513.9110463301698,55.35345757894423
17010209,2004.0,943.6120206195977,1149.1098686807122,1055.9932109036904,1057.5181796423174,1192.5175136389053,593.1229243102545,569.6943599549869,651.999930310886,523.5409988756408,648.0522757825129,645.4106559291012,609.4969007873251,610.5775052641402,333.03451535545753,538.532363416572,445.41570563955025,446.9406743781773,581.940008374765,-17.454580953885703
17010209,2005.0,861.8819698820196,1108.7851162420554,869.9014621623819,1037.0901805834158,1139.759123442342,582.6040461633704,628.2996518594323,666.6880299282691,553.7643778583537,694.3321819114408,685.5580231345787,627.0577133400807,643.2433006187789,218.63866926324062,465.5418156232764,226.65816154360297,393.8468799646369,496.515822823563,-60.63925445540853
17010209,2006.0,957.6779148621256,1162.1735889640784,1085.9804481311178,1136.324578276422,1211.3170451952446,679.5513641853566,638.2226079677886,677.9022678783222,614.2946204201774,680.4726110574786,746.396016603172,632.7531855879494,752.7066609912562,204.97125387086942,409.46692797282213,333.27378713986155,383.6179172851659,458.61038420398836,-73.1552968058996
17010209,2007.0,881.9991421195863,1083.8394190823178,1015.1869080699986,1004.1561042762986,1151.231503521245,565.2666868725443,635.9256726699259,625.4488873624568,577.0364752515957,649.4831472795149,760.0307198333303,669.2159033828411,678.0543864177389,203.9447557018474,405.78503266457903,337.13252165225964,326.1017178585597,473.1771171035061,-112.78769954519467
17010209,2008.0,995.6866612982193,1279.7338382701537,1175.3228065812868,1132.0388409633395,1271.201424233163,551.4730620453195,575.256639555149,560.8370310124294,561.842628284691,645.877023756341,688.8873328727032,613.4416048113956,822.3789983405017,173.3076629577176,457.3548399296519,352.94380824078513,309.65984262283786,448.8224258926613,-270.9059362951822
17010209,2009.0,898.0604912893602,1044.462343132186,889.2367994677636,1045.1453907349032,1155.5013990459668,591.039370146377,608.7723434232911,640.0843091814598,564.1620010682013,624.2345215979476,711.583482170324,625.2360797291683,551.6784039270634,346.38208736229683,492.7839392051227,337.55839554070025,493.4669868078399,603.8229951189033,39.360966219313596
17010209,2010.0,945.1296644829532,1168.7220341942605,837.7363033941851,1115.928420558602,1102.618083154379,647.4886768505052,577.0945998452124,637.1880943295777,566.5886456778569,610.7146712087001,676.2908145360504,617.8640437625926,653.1355358520525,291.99412863090066,515.5864983422078,184.6007675421327,462.79288470654967,449.48254730232645,-5.646859001547362
17010209,2012.0,995.8450545163739,1217.1619495524294,1074.3814502516605,1094.8211369786509,1317.6455279905888,635.0426237989005,543.0050720112016,521.8440899056875,499.7050245878444,650.1948939439949,689.2843641210598,590.783892433591,863.0200208356298,132.82503368074413,354.1419287167996,211.36142941603083,231.80111614302118,454.6255071549591,-227.9773970367292
17010209,2013.0,1041.1498404419397,1229.9848859794386,1097.4020600360097,1159.7459680734837,1324.7094027451096,711.5130013844528,589.6748138225072,611.3641404216349,537.9077518543768,662.65798118579,678.5582184363311,631.7606749847575,750.2051373465116,290.94470309542805,479.77974863292707,347.19692268949814,409.5408307269721,574.504265398598,-38.69213596205884
17010209,2014.0,1040.356844436655,1225.8643790854812,1233.1453496883976,1149.350512923006,1325.4526174059476,678.0369818780885,586.1773916347541,634.9597548783195,515.1593353213102,613.0683637007226,660.0709935299524,627.0534821227991,867.2812913976553,173.07555303899954,358.58308768782604,365.8640582907422,282.06922152535054,458.17132600829234,-189.24430951956685
17010207,2004.0,930.5184866593409,1219.2393093696335,885.2101452481502,1165.4992484806014,1243.4712482946113,636.3703301653211,546.5753479745721,610.483018258826,526.8313607321815,614.2971703306838,679.8394358236433,580.3297584238078,739.7018873284735,190.81659933086735,479.53742204116,145.50825791967668,425.79736115212785,503.7693609661377,-103.33155716315244
17010207,2005.0,903.8188359913082,1191.0973922578844,921.2476436044155,1105.3333814714256,1190.6408112037834,683.0871793935346,621.7024520964787,632.5221790608024,584.0128097694774,666.006414292641,716.4905356247691,591.7351558954172,754.3558938326111,149.46294215869722,436.74149842527333,166.89174977180454,350.9774876388145,436.2849173711725,-71.26871443907635
17010207,2006.0,945.2121922311505,1235.2340622491452,1059.1734986344156,1179.164945940576,1265.4522977637375,715.4042064224665,623.3164138663022,637.1906613159762,614.7395388237873,629.1059812727327,796.3271645485928,618.8307220086971,938.2542701276337,6.957922103516907,296.97979212151165,120.91922850678188,240.91067581294234,327.1980276361038,-222.85006370516717
17010207,2007.0,896.0067004911159,1131.8180266824704,1060.043543561875,1098.774960319538,1222.3109911871043,615.1906933635466,627.1302441380368,572.941774092618,647.4406969999858,611.1416429669179,796.3509685351951,640.5420871835787,809.7632867085587,86.24341378255718,322.0547399739118,250.28025685331625,289.01167361097924,412.5477044785457,-194.57259334501205
17010207,2009.0,871.3803692770829,1069.9222382649182,929.5953770700087,1066.0913238104192,1125.8993057251448,660.2682819855709,594.9894748912996,622.449393579555,605.4580089697146,595.4733902691011,749.1258836587601,597.1486445981484,725.0786770438438,146.30169223323918,344.84356122107437,204.51670002616507,341.0126467665755,400.820628681301,-64.81039505827286
17010207,2010.0,960.3607217650547,1163.7519604755253,882.5608362854782,1118.0044363887093,1129.9820555292836,652.4245653976983,556.0126315402965,603.7514470430639,571.509022555072,576.1877888632766,719.6465838609861,570.8032047428894,704.7897947000484,255.57092706500623,458.9621657754768,177.77104158542974,413.21464168866083,425.19226082923495,-52.365229302350215
17010207,2012.0,994.9693755913729,1363.463732280716,1101.0356314836492,1248.2430480365608,1433.0486629254956,702.6764653031775,569.0375381939475,522.2300761830861,624.2406991336649,630.1936294887688,722.1319847332045,587.6863615855481,1026.0692738887967,-31.09989829742387,337.39445839191916,74.96635759485251,222.1737741477641,406.9793890366989,-323.39280858561926
17010207,2013.0,1048.8631968658667,1398.7895657551912,1311.6124950367214,1320.7979366159648,1435.991420298091,768.8618163575327,580.8861239983462,568.9663777650998,555.2907102519425,637.4252213478522,702.5345596511177,609.3421377715487,949.1619581451689,99.7012387206978,449.6276076100223,362.4505368915525,371.63597847079586,486.82946215292225,-180.3001417876361
17010205,2004.0,786.7640965366045,835.8193004902566,672.3747294220651,766.4724885534916,814.444135880742,524.694591819428,606.4138609486074,659.0430214869756,498.9963859490576,726.3303017037827,556.7867976259623,641.7632861372275,221.5625561758697,565.2015403607347,614.256744314387,450.8121732461954,544.9099323776219,592.8815797048723,303.1320356435583
17010205,2005.0,670.7989509083701,627.5317276603192,522.7411704472277,555.599348488156,612.1139312196823,397.7987223728036,612.1608284530384,616.3158332295737,484.2393907449673,740.6595325341445,579.0575446306374,647.0736830651188,194.09646779323847,476.7024831151316,433.4352598670808,328.6447026539892,361.5028806949175,418.0174634264438,203.70225457956514
17010205,2006.0,743.1052303228664,781.944306673988,662.3011593985684,723.7603746273,762.1121257260935,485.1507603532758,600.014397490709,619.097276392329,494.63065244431345,691.6145141515958,614.8539173663144,625.9781972808648,261.6989950035754,481.40623531929094,520.2453116704125,400.60216439499305,462.0613796237246,500.4131307225181,223.45176534970037
17010205,2007.0,712.1144309241402,755.7675041450577,551.9956187291225,677.8683830405819,731.9003828198905,450.7579313570534,622.7993833734616,625.6682135152246,511.9941503006109,711.7430987012734,607.8252740147369,684.2027045474495,233.32259291110034,478.79183801303986,522.4449112339574,318.6730258180222,444.5457901294816,498.5777899087902,217.43533844595308
17010205,2008.0,777.2471633185277,849.2032416214962,612.480031605598,738.6232882479565,782.3637138117497,427.35448286251767,576.4119261821302,568.2935735955737,507.98907017244926,677.5983046907188,583.3237679983791,622.5707080905348,319.45069825575445,457.7964650627732,529.7525433657418,293.0293333498435,419.172589992202,462.9130155559952,107.90378460676317
17010205,2009.0,789.8420498108678,814.5676094812115,632.4075170045885,762.6109578067346,814.1900911590685,483.34466582902485,594.0276187137911,611.9148090843421,502.0826490249796,672.8158826109907,600.0926572928672,644.0778561627087,324.3919762689919,465.4500735418759,490.1756332122195,308.0155407355966,438.2189815377427,489.79811489007653,158.9526895600329
17010205,2010.0,677.7689206412433,698.4045973800711,525.3098920439355,618.2523595516391,521.7796398053274,436.0349779325877,534.9473450199212,593.8790728566097,457.9523872438724,598.9828756717976,561.1599027615973,542.164981099817,199.55273083187055,478.21618980937274,498.8518665482005,325.757161212065,418.6996287197685,322.2269089734569,236.48224710071713
17010205,2011.0,830.4175834295015,894.568581094916,645.2693919187492,806.451846548445,837.1682849813255,481.4170916915734,517.910646914786,532.5893584457723,456.7898020768342,625.5732957462524,539.6795008183118,549.8785050671568,384.1130510110946,446.30453241840695,510.4555300838214,261.15634090765457,422.3387955373504,453.055233970231,97.30404068047878
17010205,2012.0,728.1692514662524,760.5794127162925,489.8097252447155,712.6374890107619,730.2087723882364,428.15789861428516,560.3397414482947,520.4777509170401,497.4705133791376,684.8125176986237,570.1113258135382,583.5329978356651,307.20211988539336,420.967131580859,453.3772928308991,182.6076053593221,405.43536912536854,423.006652502843,120.95577872889177
17010205,2013.0,735.0925258394988,741.2130673599518,539.7536660491335,686.3717594654951,719.7923808877857,462.9523649469618,555.2299718286594,496.567022773326,484.84196692050773,659.2237703725904,568.8420921921672,625.2244848624139,206.04392205696635,529.0486037825324,535.1691453029854,333.70974399216715,480.32783740852875,513.7484588308193,256.90844288999546
17010205,2014.0,760.9928515960218,832.8644865626953,625.7174613328881,778.3896125519221,774.5269111355252,444.5675470579282,584.0360257063292,650.1331767338238,509.60957978160394,656.6520977083312,582.5563996879973,602.9601265671682,368.9811514748047,392.011700121217,463.8833350878906,256.7363098580834,409.40846107711747,405.54575966072053,75.58639558312349
17010201,2004.0,596.744572157763,494.4350386194625,476.3323939942951,513.4421999859442,502.4265167458327,400.97094679126957,504.8277406491493,561.3764700894699,403.48139901110744,603.0012722429649,477.82514141099466,518.056196402631,56.04165399551352,540.7029181622495,438.3933846239489,420.2907399987816,457.40054599043066,446.3848627503192,344.92929279575606
17010201,2005.0,606.9819852482676,469.52511235665884,487.16361575233606,473.47502147657144,474.9715933517107,385.5705524694273,531.3663404383803,533.1917745934654,443.59320977325973,619.5417090993833,500.1080267717657,565.8071092324576,86.87643576138612,520.1055494868815,382.6486765952727,400.28717999094994,386.5985857151853,388.0951575903245,298.6941167080412
17010201,2006.0,556.3681708344378,468.96226864161986,527.0599049790208,480.212863382091,464.8134710504803,405.08618710720447,525.0734033302018,541.6761011690404,425.4421377218351,634.0342004457714,515.4065690505919,539.9216375645875,76.95014727876914,479.41802355566864,392.01212136285073,450.10975770025163,403.2627161033218,387.8633237717112,328.13603982843534
17010201,2007.0,557.7617644823863,509.0414162350605,461.60558657701455,522.6668597813541,503.85028995853173,411.63428481634276,543.7187079193795,543.1708485590643,464.3480591408286,655.2774725236994,494.3290366630341,588.5625772873657,84.35491222891876,473.4068522534676,424.6865040061417,377.2506743480958,438.3119475524354,419.495377729613,327.27937258742395
17010201,2008.0,580.2911100570436,512.1456663432291,464.1397195094518,497.1279759724085,486.35105718905714,360.2219435175004,494.41993611429024,494.38123297154937,440.7594516183103,576.9583116836201,469.6859077888243,536.811928417328,99.26741903432017,481.0236910227234,412.87824730890895,364.8723004751317,397.8605569380883,387.08363815473695,260.95452448318025
17010201,2009.0,642.8858436621684,532.8368108826552,541.3352434006006,540.492940862233,504.57931461968303,402.10456474986563,509.3421865174901,539.8214475627326,481.7054876621829,600.3436765578133,475.5019491728046,520.0621916655118,121.4477577037324,521.4380859584361,411.3890531789228,419.8874856968681,419.04518315850066,383.1315569159506,280.6568070461332
17010201,2010.0,630.0382281130553,523.2955203602687,436.8656520376368,525.759667073893,460.99812706233786,400.55469061427243,460.2860780401193,537.2477467571582,387.895950394369,524.298960161516,440.3445568760339,464.04567927525306,113.49929081627234,516.5389372967829,409.7962295439964,323.36636122136446,412.26037625762063,347.4988362460655,287.05539979800005
17010201,2011.0,630.1652401038243,555.7045200234766,538.000518332111,540.6459892830228,528.9908646667468,398.0731087707083,478.79621637333094,485.6652610278812,443.689668906516,566.5790442564323,460.64292194716086,500.63979217301255,178.0467666410978,452.11847346272646,377.6577533823787,359.9537516910132,362.59922264192505,350.944098025649,220.02634212961047
17010201,2012.0,524.0341331018583,419.77664733559425,360.3537103505595,392.157357940612,425.88575213056185,309.6704028201684,478.63831390062387,445.3925232396448,460.0746160015164,508.56710406866233,497.99327085476034,499.2463960260515,100.31129451069827,423.72283859116004,319.465352824896,260.04241583986123,291.8460634299137,325.57445761986355,209.35910830947017
17010201,2013.0,568.1012204417382,477.0481149203812,486.99745528121565,458.6173247893091,468.0718255581314,403.4854803767064,520.4999801272886,438.7329377754021,476.4952508925162,578.0255499481268,513.6601665841763,549.6772282513315,61.18762758545985,506.91359285627834,415.86048733492134,425.80982769575576,397.4296972038493,406.8841979726716,342.2978527912465
17010201,2014.0,606.2269470481409,534.5095304383237,524.4531415158617,503.72181569176627,512.9803564573692,369.1567665851574,509.4411777419365,576.307345115973,433.272775897149,566.9554111499336,480.6857649116583,496.97495747482856,101.83075804195134,504.39618900618956,432.67877239637244,422.6223834739104,401.89105764981497,411.1495984154178,267.3260085432061
17010201,2015.0,551.622517297548,442.30155517055545,433.1970195416278,425.1296350328673,438.2995475018872,370.50805527755693,561.9443419097064,559.9004737327582,488.58888129989214,649.6211315213862,514.4823433553404,563.9492701547263,82.94225448965034,468.68026280789775,359.3593006809051,350.2547650519775,342.187380543217,355.3572930122369,287.5658007879066
17010102,2004.0,761.5775649699111,615.841619898919,590.210481081267,721.9009166034656,676.9520761393355,585.3956243664757,604.9270994209945,596.0582342781844,440.7894707685048,704.9884525819543,578.6438076053317,652.6613140366974,122.10154459391559,639.4760203759955,493.7400753050034,468.10893648735134,599.79937200955,554.8505315454199,463.29407977256005
17010102,2005.0,660.3559991554973,547.5450472718107,436.05140720318406,609.5373843901843,574.7637035142477,495.2699131103759,607.2110120800572,604.7635252587274,433.23128737403414,708.5350807243431,584.5288390654615,641.3525535886538,106.86981237516032,553.486186780337,440.6752348966504,329.1815948280237,502.667572015024,467.8938911390874,388.40010073521563
17010102,2006.0,808.3528397174459,677.3431200365267,608.4185114341224,743.7882297718975,704.546402668434,653.8391390894884,627.3238289240198,594.9639078065774,447.1284958553977,717.8741020908984,643.785461749841,697.6112894050068,191.40275445274463,616.9500852647013,485.94036558378207,417.01575698137776,552.3854753191529,513.1436482156894,462.4363846367438
17010102,2007.0,722.7585019962621,539.259828939838,506.987987806593,609.4187507632338,578.1201254831484,511.9298597983701,620.8546081065025,542.6283219482551,461.99986383479353,697.9556457395709,666.275567463655,677.1526223956683,160.78944507846543,561.9690569177967,378.4703838613726,346.1985427281276,448.6293056847684,417.33068040468294,351.1404147199047
17010102,2010.0,760.6625273278696,603.8770899717384,510.87425170332494,682.9019096106384,591.2356755401512,546.1826939706173,607.2709164501828,617.751089470684,441.67501946644586,668.9773611305465,600.635760134066,663.6949147124271,97.90679881629967,662.7557285115699,505.97029115543876,412.9674528870253,584.9951107943388,493.32887672385147,448.27589515431754
17010102,2011.0,923.7102578823909,703.0540892994894,562.0418401983022,764.9411866194692,734.966474504633,631.5583036932113,541.7027523483764,501.47815255887775,426.4005298974067,636.2943403022141,592.2376168049692,610.9013664552012,294.3830988506288,629.3271590317621,408.67099044886055,267.6587413476734,470.55808776884044,440.58337565400416,337.17520484258245
17010102,2012.0,892.469602203832,681.9477336474863,604.3548669030257,729.4623008763531,754.7434148435448,587.4779539543055,609.9515977634516,569.0999140689001,504.435342850496,701.8178485559235,634.59271730898,595.7357099504395,224.61834474462333,667.8512574592087,457.329388902863,379.73652215840235,504.8439561317298,530.1250700989215,362.8596092096821
17010102,2013.0,887.101952432749,699.745290283635,693.8586503232311,756.7477890325732,771.8356988503502,643.7331745424522,642.6685819339606,596.8518446789593,512.5468378633423,708.8040437388735,651.0375509318254,670.9942008667482,187.06733808100157,700.0346143517475,512.6779522026334,506.79131224222954,569.6804509515716,584.7683607693486,456.6658364614506
17010102,2014.0,790.5882007701658,639.8752684767284,578.4116106546444,702.0404734780318,697.3179648991251,559.148191963051,653.85126994649,697.037558956456,535.0982984467242,687.7975923199222,649.8686492205725,684.4593839831117,194.93290839316194,595.6552923770039,444.9423600835664,383.4787022614825,507.10756508486986,502.3850565059632,364.2152835698891
17010102,2015.0,669.7090384818549,544.1867378690938,489.0089989629658,610.6114594313187,594.8229939621591,518.2729428598814,721.2245047528277,659.4768584993399,614.4583391541937,749.5248529358772,736.792910648943,765.9222654196687,145.07746936378382,524.6315691180711,399.10926850530996,343.931529599182,465.5339900675349,449.74552459837525,373.19547349609763
